no,trace_z_base64,n_events,raw_bytes,comp_bytes,final_ok
1,eNpdUr1KBDEQfpfUW2x+N3mWYzsba19gd1kUBBERBMFDCxE5CwvBwuJe5rgD38LJJJNk7ObLzHzzzZfZbPpOXIhO/D7eHJZrMXbx4RweDssakTEq43kfsXMEd5jWVD6n8j7j09M2Yhsk5T8xT+3TnGCg9DOyF7bvCLUmLfdY7XP6+PqA1dB8BhAHDTUOffPexr7GXtbYNe+DaWLb1Ogam4bTtzVNLL3P4sFZbLJkZLLZcZ+rEXsO0WZnmMs6+H8uO+byILnL3jGXB8NdlobZrLVkNtu+nMBHWi3j49VPPph6QbAOrACyQSqoA0EgAubCLKAHRiDJfdYbvmT5/FtUWaa+Raj0wDyoDq1JZCF7R+x4umQvkSxkfFpxlqaN7r5wwzp7R4fQGKRckfJCt9eMNorIJ/wdVdrT8CJtWsQ4/gEulhPC,58,898,324,OK
2,eNqLjjbQUSpW0lF60b7qxaaVSrE6IIFMoMCzlfNBPCMTCwj/ceM6EN/E3BzCf7KjG8Q3N9VRSgFywWwLBNsUWdwEwTYxR7CNDC0MIYYBbQdLmkG5EJeYmpmguMXY3AjFLcZGRihuMTI2g8mvBssbG0P4z2fuA/OhXnna1gYxHirb16kUGwsAikVONw==,18,266,139,OK
3,eNpVkD0OwjAMhe+SuUObtEk5S9WNhZkLNBFCIMSAEAPtwICQ+JEYmOE0BSRuQfMSR8r4+dnPz66qNGFTlrBeb3t9Z3ViC5Oh8O0elqTHvtEWc8U9a2NZkKyvkCXhAcMjwpvFIiXv3R7DWUH6AtNFNM1V7tksIWckr4El4RHm1KzPGOZ+96/FLp6qIdt4KLhm5dTP6YWgKrIWqoyC5yK6UlJOs4IZNTd4SVbSE4x7UXjC3Hl5+f1sEUzK6AnB3O0SIsiz+OoNMJhfol02Sv0Hbu+RMw==,31,477,211,OK
4,,0,0,0,
5,eNqLjjbQUSpW0lF63rbx6Y71SrE6IIFMoMDTJXNAPGNTCPdxQyOIa25iag6VXz8XJGBibgZV0DgfrADO3QqWtoBym7qUYmMB5A8jmg==,7,110,76,OK
6,eNqLjjbQUSpW0lF6uWvZi55tSrE6IIFMoMDjxh4Qz9jI2Agi8LSjHSxgbAlV0ARWYGoIU78MLG0G484Hc2GyDU1KsbEAxE8jCA==,7,110,73,OK
7,eNpVkDEOwjAMRe+SuQNJ66Q9S9WNhZkLNKEbbAhGQEIIJBBiREKCwxToNaidOijj8/+2v12Wo0RMRSJa92hnW1ElWJhgwV6RJIDnz/6GnGXA+gIZcuP5Wx+QU1mwfia/HNA1iDpnXFK3ZvORmlmtLaIC5fl9X5M8YLei1bKQUZRMG7bXyPlwSbe50DTF0+2JooRDnhQlJLV7ksMf6Cs6JH2R20QqqMCNH5Yyz4l5l3MUReLh475Ad0j4A5jwv12c0qcqor1G8cP6udUPacyLlg==,30,461,208,OK
8,eNqLjjbQUSpW0lF62jTjcdMkpVgdkEAmUOBx41QQz9gEhWtkAeevAvHNzGDcFhDX0BLKf7JrF5hvYA4zrqEJLGBiqKOUAuRDNJuhSJpbwuRiAThALTA=,10,152,86,OK
9,eNqLjjbQUSpW0lF6Nmfu48YepVgdkEAmUOBx4ywQz8QExl0M5hrDuCtAXHNjc3OIwPNtEOWmcPX9IL4Z3LT9IK6pJYw7H6wdzm0BcY0Rlq0CqzY2hfCftTUhK3+5ZiOIa4QwbapSbCwAncI/ow==,13,203,109,OK
10,eNqLjjbQUSpW0lF6umTq89XdSrE6IIFMoMDjxnUgnimcuwbMNYJym8BqzU1hsi0griGM/3LRChDf2Bgu3wPim1mgKLeAm70QxDWxhHE3gLlmMKsmg822hPKfLukH8Y1MTGDKF6DqBlttCrPrWcNcsHJLc5h8G4rdDU1gl5lCXfqoYRnYNgOg6SlAPpQDtfv9nkawgCFcNhYAVt1hJA==,21,322,157,OK
11,eNqLjjbQUSpW0lF6uqT/yZ6JSrE6IIFMoMDjxv0gnokZjLsOxDWysIDwXyyeA5Y2gXCf758E5hpBVTc0griGFsYQ/rO5YMOMoaqfzd4B4poaG0KVN3WApS1g3C6wXTDTni6ZBpGGy4MtM7WEuWVZN4QPM64R7BEzSxh3Jdg4M0NTHaUUoADYaUaWCI6pKczkxmVgnXBPt6AaNB/sSWOYJ5uUYmMBh/xh3w==,21,322,169,OK
12,eNqLjjbQUSpW0lF60dD8uLFDKVYHJJAJFHjcOAXEMzeGcVeAuCZm5jB+D4hvbGoE4T9dMgssb24Bk28By1tC1T+bvhTMtzCCG7AbJGAKV78SzDWDchsawcrNLCH85yt3oVj3uHE9WLk51LQXk/aA5Y2MUKw3g3EbmpRiYwFfTEl3,15,237,129,OK
13,eNqLjjbQUSpW0lF6sWzV48bVSrE6IIFMkMCKBhDP1MISwn/cuBjEN4dzl4G4JoZQblMTWNbMFCr/ZO9UkICRkTlMPdhwMwMU9SYWMNlVIK4xTHFTJ9huSxRZUxO4WS1gs2B2N04H222EotrEFMptaAQrNkPixgIAyAdM5Q==,16,247,124,OK
14,eNqLjjbQUSpW0lF63LjycWObUqwOSCATLDAdxDO2gHGXgbnG5hD+8zUTQXwTQxOY/GIQ38wARbmpKZTb1A3WbQaTXQfiGloYwvirwYZZQA17tm0mWLelJUy+ByxvDnXM0/ZdIL6RqQmK8aYwtzZNBrvFGKZ7AdhymGVNvWDFxkYwabC3zaEee9zQBOYCjU4BcsHuNDI0RZKMBQA5vF4E,20,309,159,OK
15,eNptk81KAzEQx99lz3vIJplk91lKb148+wK7S08qiIgoeChC/QDPBUHBh2lt9S1sZjLZGezt/88k88H8MpuZujqr6up7dbtffFbzOh2cHg42w3VyPrK9TLaB7H8fXjEMjuNvydsmkN99PaJvbY6P+D6yHZ6ThXx70w9oY872s16hb3V1H1Sx6NneYy3TcK0bDHccfkk2cHRYYK4y5zJZx431I76Fujo5WJpR6DhpMJMOndDivBM6St0K7YUW+VuRE+LxOzIPCB3s8bcyp3UGaOjD8rnBZDMIDWgUFCn5bNonLsilfgQeTTBqY95YhYcvGyU8Cg+ERwSFh4NW4eGsxsNpFid0CY+CC+ERnMLDO6/4cJ3iIwbFh2Oath/n6POcu7snmrPMRdf5m2zfeyqmrvOn2q9HWmTp9ErVHi/+oTr/A6gzFKc=,66,962,326,OK
16,eNqLjjbQUSpW0lF6tr73ceM6pVgdkEAmSGDGHhDP2BjCfbp+LohrZGgJ4UMVGxsbosjDlD9rXA/imhqZw5T3gPkw3Q2NIK6JuRFU97ptYL6hCVS+aRKYbwDjtoC4ZoYwbj/YLrjiTrDZFjCruiFWwzQ3glWbwV0yE8yFuaQJrNrcDOawJjAX6I0UIBfENjQ2MUWSjAUACmdd3Q==,20,307,154,OK
17,eNpVkDsOwjAQRO/i2kX8d84SpaOh5gIYIYQUcQYKPgVIHCCC04TUXAGvv9lu3nrlmdmuayjZEErm22dyJ9JTGKz9YHIXINGKzHdgpRNuXXg2md0eWBe8AhpGycojaNlUbW3VaqHNQkux2FFVc65ZNPGZw6AtkUMBwVEDaThqYBhqwMFz0UAJ1EBZic2MQGaqeD+DNzOZH4E1zmLbzOdwroJDrJZ+m48HYKYsepf5t90Qj5+afccxrOesqUo5RFznNdsrHxvw9/ZZ+j8SKJi2,35,522,207,OK
18,eNpVkDEOwjAMRe+SOUOShqScperGwswFSMRSwY5gZYAywMIASMBhWpFrUDtxRLc+++v1O1UlOFswzsLu1bkVqzkM5sOgc2sgPU3oG0CpYDAbBkBW/H1rHZOhfWLSlCS6oEimfX9H8YTWSweoShP5e9uiTiX8XAGLlA5Ni3JbkHwDbKil26NbWeIDynKVE8ps+lf/eGM1YUc3m4xnrCYMMT6QzrYjpuVoW1AzH89UdKZndf0D1EdviA==,24,367,184,OK
19,eNqLjjbQUSpW0lF62rb9Wcd+pVgdkEAmUOBx4zoQz9RURykFyAWxLYwQbDNLBNvY1MwIogloCljSBMKFmgiXhpppYmAIVd61E8w3t4TJt4DtgTthPljawgLCfzl7N0Q5hPtid5dSbCwA2Mc6PA==,13,194,109,OK
20,eNqLjjbQUSpW0lF6tq772dK1SrE6IIFMoMDjhkYQz8wYlWuCxI0FAJgSFIE=,4,62,44,OK
21,eNqLjjbQUSpW0lF6Nmfus+krlWJ1QAKZQIHHjf0gnqmlJYT/YmEPmG9kgSJvbALlv1i1ASxvZgiVb2oC8c3MYMpbQFwTIxh3FYhrboEia2puDuE/mzoTrBlq1tN1S0BcI1NjmHKwW0wsoPynS/dC7ILLLwe7zQzFKYYWRqY6SilAATDPxBDBQbi6sVcpNhYASihT0g==,18,278,148,OK
22,eNpVj00KwjAUhO+SdRfNX6NnKT2Aay/QFBcFFy7cCIrdWCgICupS8TClRW+hmeYFsvzeTGYmeZ4mbMkSNpwOvT2zInGHxf/wsQ9HwmQT93YDFmLib3N3nOkJx/blUHFD9qtj4+W+tHgtffq4e8Iu52RHtxY8apdcRu2aE15QHrZ1cCsvD3ULt9aRXemZb9/fsEaHsW/EpYQN4gThCl8x0VSeCZp6RLgK9i3Kw/IasqCt1RrhJJcVK4oftSF47g==,25,391,190,OK
23,eNpdkDsOgkAQhu+yNQUsA7uchdDZWHsBWAoLCl8FhRbExEc08QBex6jxFjLDzpKl/PbbzMz/53kYiIUIxPfSvKqHKAJ8mPcPv/0VKdFqYGuT0PpPe0KGJGR/R1bue4eYxowbwshiWSFGqWR9Q47d7wPN0oyNP2tHODkMeJY5erNqugt4c70m65DOBOAUZossleX38jn4lJe1tDtjPJN2HazoFFeCabxOSkOpYSyJYkeyDzrrGUHLicRcowSvwEyxK/7eyYku,30,458,198,OK
24,eNqLjjbQUSpW0lF6umTO44ZGpVgdkEAmUODFzNUgnqm5KYT/uHEdiG9sagjhv5y/GcQ3NDeGyfeA+CbGUPnnWzaA+EYWljD5fhDf3ADGXQU2ztwIxl8M5pvAuMvApsE194IdA5edD1YM09vQBHaKoaEFTL4bJGBmhmKXIcjpKUA+iANyFoxtaQF3xFqIQUiShgZm5iimmpiimWqMZJI5jB0LAOC0ZQ4=,23,346,167,OK
25,,0,0,0,
26,eNqLjjbQUSpW0lF6Mbv3aWunUqwOSCATKPC8cT2IZ2piDOE/buwB8U3MzCD8p6vBfFMjuHyLUmwsACgLGbw=,5,80,62,OK
27,eNqLjjbQUSpW0lF62TDrafcSpVgdkEAmUOBx4zoQz9TUDMJ/2jQDxDcyMUKRN7aA8p/vA+s2MTGEyjf1gPVbQrkNjWDlxmYw7ftBfDOYaU2TwarhsqtAXENzqPSTHd1gaSMLmPJJEMdA+U8nTATLm8P1t4Btg7t1GZhrgCJrYmoCMw1sugncqU1KsbEAt01XCw==,18,282,145,OK
28,eNqLjjbQUSpW0lF6vrz7ceM6pVgdkEAmUODpkqkgnjmU+2zaThDXxMAIwn/cuB4sbQLjzgJxLaCqHzd1g2UtYLItYM2mUG5DE1gxkJsC5EKssUCSiwUAZlcumQ==,10,151,91,OK
29,,0,0,0,
30,eNqLjjbQUSpW0lF6vrz7ceM6pVgdkEAmUODZnLkgnok5hPu4oRHMNTaG8htXgfjmZlBu02QQ19gQLr0cxDcyN4Sa1rAUxDc1N4HJrwartzSF8J/s2gXim0G5zxq7IcphtjdOB0vDdfcjq4a6xcQC5hawZiMDQxS3mVnCVC8AS5vBpXshTodJt4Gthlu1FqwZHgxNIK4FUDYFyAVLGRoiycUCALMEZx4=,22,338,167,OK
31,eNqLjjbQUSpW0lF6MWHv48aFSrE6IIFMkMDEThDP3FxHKQXIBbEtDJDYFgi2kZmJIVTThL0gARNDIwgfaqSpMaqhJuamMPkesAFGJhD+y9krIAbC5VeD1ZtCzXuxaQ+IbwhyFVi+qQtsPozbuASs3BjGbQFxzSxh3GVgH8Hc1tAIVmwC17weVTXYacYmMJvAXHMLmOwqsGYLFJtMDWBGNynFxgIAK9hoOQ==,23,348,169,OK
32,eNqLjjbQUSpW0lF6vnbK48YOpVgdkEAmUOBx43oQz9DCDMJ/2r4LxDe2MIbJLwPxzcyh3KZuENccxm1cB+IamcJNWw3WDeM2NIK4JgaGEP6LVb1gaUNDmGlgeVO4XfPByk1g3H6w4ZZmMP4qsN1w6Rawy+DcBShWN04EazaGu3Q52CoLFJeZm8PMbmgC8S2B0ilALlipOdxZa2EWQeRiAS5mZPI=,22,335,164,OK
33,,0,0,0,
34,,0,0,0,
35,eNqLjjbQUSpW0lF6OXvF48bVSrE6IIFMoMCz/QtBPGMTEwj/cVMPiG9uDuU2zgdxDS2NIPyX7RNBfDOo6mdzVoClLYwh/OddDUqxsQDaDiNu,7,110,81,OK
36,,0,0,0,
37,,0,0,0,
38,eNqLjjbQUSpW0lF63Dz9cfMapVgdkEAmSKBpCYhnaGkM5TevAvHNzGDSO0FcEyOYbAeIa2oI4zeuBvHNDWHcJrBmGLepG6za2BQmvQ5smAmKZmMDmN3P1veBTYMa/nT2PIhlhihugZvWtBZsmqUFzG3NYMvNYdzpENUwjzVOR9HduAysGk0W7rR9IK6RGVx1GyQYoMHybPYmiNNhdjf2gOUtUMLB1BIpHGIBkK53lw==,25,388,175,OK
39,eNpVkDkOwjAQRe/iOkUcb/FZonQ01FwgDhQIKBD7CRACgWgjCg4TlhyDzMRjkfLN/7P9LIsjNmIRa4px7aYsj6AwbAu1OwJp4bEsAYXUHb8eW5R5h59dBaiUou4zymHYBLs54Q1QGsJLDwuHZuv5vVzgbKPJfkB7GLYGNGHYCbvjhA5fdattx9/qjizo0nIGnEivN88NMDfU7/a4TflX2qBQT4OOqem0F5tIbO9zTbeXczyWsMBUedjuc+Nxaxi0jI+noufWf5oUYe8V2ErS8h/Fe433,31,475,213,OK
40,eNqLjjbQUSpW0lF63Nj1uHGDUqwOSCATLNAE4hkbwrgLQVwzSyi3qRnENTeFcSeDuCYw2YZGENfIxAzCf966DsQ3tYByO1cqxcYCAIdUJvg=,8,123,80,OK
41,eNqLjjbQUSpW0lF62rb9xZStSrE6IIFMkMCu1SCeiaUZhP+4Ecw3NjCB8pung/hm5jDuKhDX3AjG3QzWbWEI090D4hsZWUL4z9Z1g/iGllDbHjd1QeQtIPwnu8Dqjc0tYfqXKMXGAgAt+TcL,11,174,108,OK
42,eNqLjjbQUSpW0lF6sWnh0x3NSrE6IIFMoMDjxtUgnpGhKYRvCOKZGUE4BmCOCRLHyNgMiWdiYAnhPW1rU4qNBQACQhvw,7,102,69,OK
43,eNqLjjbQUSpW0lF6vrL3ceN+pVgdkEAmUOBx42IQz9gSxt0I4pqam8H4q8DShjDudBDXxALGXQfiGhlCDXs2Zw2YbwZX3gPWbWIC4T9dBNZuamgKk+8A8c3NodymbrA0zPSGJqXYWADuZTqi,12,187,108,OK
44,eNpVkj1uwzAMhe+i2YMlirJ8liBbls69gD1ncIcCBQoEGQIUTQJ0KYIsvU3hFr1FKeqXGz+Koh6fuNn0nXpUnVqX/d/8rLZdSDxQ4nv+CITGR/69PTHriOv5NR5n/lqY8+1pDmgsRv75PAUG8Lk7l/vy2DuXo0vl0yGwGzu1I+TY1Hjsa+ybvIemXjexq7Fteg6+xtj0dE1eW5c0k0V8CSImuwBQGKbHXhjmBmEYSL+clX5pI/yyxgq/YBR+IQzCLzsULfE6ZHzjxwpe+BRN5r34u3hZu9Ls2A6SF6NIuaatqWtEJTQ9TUxT0mQ0DOknzSSTmpMaUkCPcnyk4tQD8zqsy52dtsIMrE6/5F8t+rb/3Pjkjw==,45,714,277,OK
45,eNqLjjbQUSpW0lF6OXvF48Z1SrE6IIFMoMDTniYQz8TSEMJ/3NgC4pvBuetBXFMLKLehEcQ1MoDpXrsYxDc2hnCfr28AG2ZuCtM9BWwYTHfjCrBqQ7j0ahDfEKb8ZeNUsHYjI5h8G8Q4qG3PNkwHO8bcEibfA+IjuDPBxsO4Td1g1TDDGoAejQUAHQxSAw==,17,265,142,OK
46,eNpVkTsOwjAMhu/SuQPOo23OUnVjYeYCtFQsgBBCgoEFhko8RMvEymEQRdyCxqmDPH75Heezk6aDMBgHYfCptm2zDLLQHoy6g1deWwKdOH7XD8syAp6bnt+LwrJKEspLy7EibCxq0eMkx2qKv/uTZSH56wKk43ZXueu++xWZP6Y14RFdDeHdqfdYbJhp+5wiK0nlK2wWE15wEDIr5ljtB8GxRURPF8gRxfnMbannT4lmGmImLiXfMiRe/YDt/BbXeN2bnpmac4mlYOYA3RcNO7ZgBG0hv2Go1D8EMIb9T+TD7Ac24KZV,36,554,231,OK
47,,0,0,0,
48,eNptUrtOA0EM/Jetr9j341uidDTU/ABHRUIiCgIVLYICEokOIcTHAKd8Bl7vml2f6Dz27YxvxouFHMSZGMS0e5vuX8RyyI1TaHyN+4y0rPhntc3YRUPzx4xNCnV++YDzpOv8YoPzQPAqQ0/T8SnDoAhu2cfnI3K5qjVtDriL90S2ztgGV/Dxc4c4DuIEIDKbVseuDrbrp64fWu26fpakuudPsuuH/3V7LatbbZSsNoDrxdQKSwLWGpaBip5lYOYZSMMysM6zDKxlGTR2zEA3tsKeWAjGRBaCU5qFwO4HFoYdYS3YBMRBEESAF7jgeX1hnGaxubbfumCK/a64oxL7Xa0C2fWM/0MX+nEzc2dfzK1H9v3+is/1zF264OPqUNb7O8rbggmimc3b68JONzuiuXSy6PXyF4KSBsM=,56,863,314,OK
49,,0,0,0,
50,eNqLjjbQUSpW0lF63Nj0uHGFUqwOSCATKPBk71QQz8QCwn26cwuIa2oA5T9uagHzTWDcbjDXDMadDOIaG0ANe9y4AMw3h0n3glUbw3Q3tqFINzQpxcYCACMEMKk=,10,155,92,OK
51,eNpVkU0KwjAQhe+SdRfNb81ZSg/g2gu0UVAEEamgLkRB/MGlK12IhynWegvNNBPN8pvMezPzkqZxRHokIs3lWhULkkW20P0WqmJjSXkcW+SxaPk9nFmWzD3nhUWhkpabxxyeaYLyHbBCPIAbRSwtJhLxDM0xR57CKp1ALIV2bAyY+VED6NYBCoF4ssik867zNYi1nz0CNQ1SkNRxvYJZOPplbhap9u5HOEQFqTDhNn/u79D+220SprIENd5p+mFIkArjMjiM4weZMjx7C17xnzj7AI0Vl7E=,32,494,215,OK
52,,0,0,0,
53,eNqLjjbQUSpW0lF63NjyuHGJUqwOSCATKPBi1VoQz9DCCMJ/3NQI4psaQrmNG8BcUxi3BcQ1MjBD4ZsZwzRPBkubWMKkF4D45jDdDWCzjU2h0i82bQcbbmQAU74YxDexgHHng7nGhiimIQyfCDYN5vDGdWCuOdSwZ3PWoBneA3aLAYrhZnBuP1gWbthUiGYUf5ma6yilALngADMxMUeSjAUA/itryA==,23,354,166,OK
54,eNqLjjbQUSpW0lF6umT5k127lGJ1QAKZQIHHjYtBPDMTGHcZiGtuqKOUAuSC2CZmCLaFORIbSY2hmZk5xACgBWBJqPFQy4yNLFCsMzdGsc7EHCr9ZO9UEN8Uyn22djPYdEu48m6waYZQblMnmGsOk12gFBsLAAlcRhQ=,16,235,122,OK
55,,0,0,0,
56,eNqLjjbQUSpW0lF6NmXfi1WblGJ1QAKZQIGn+3pAPBMLQwj/ceM6MN/cAsJ/sWoDiG9sYGwKVdDUBFZgAlPfAuKamphbwgRWgTXAlDf2g7iGFiYo0iYWMO5isGo4dz5YtaU5hP9s6kyw6TDHrlsCVo3Q3QPhQw1/unQviG9kYA6T71WKjQUAyKVPIg==,16,253,139,OK
57,eNqLjjbQUSpW0lF6Nmfu48YWpVgdkEAmUOBx40IQz9wYxt0A4ppZQrlNk0FcU7ji1SCusakhhP9sayOIb2RhCpOfCZGHmvZs9iYQ38TCEGbcJLBxJlBuA1Q73Pi5YLfALG9cB5Y2gip/Nn0p2HRjVHlzI5hrX7SvQnbt0442sO2WRiiuN7W0gPBfNu4Am2dmiuJ3c7hrZoODAubYxmVg0+CKwaFoCuM2dUPMgvmsSSk2FgAs9XNg,24,374,183,OK
58,eNqLjjbQUSpW0lF6smfWi5UblWJ1QAKZQIHHjT0gnqGpMYT/smEKiG9uBOE+7WiHSMOUN4GVw1Q/bpwP5lqaQvjPZjaB+MYWcPl1YNMModyGRhDXyBJq2rNNHWBpC6jdu2eCLTM3g+meiaK7qRNiGczwJohlxlDLn+5vRlb+dM4GsGVmljDlYMtMjGCGtyjFxgIAh2NXKQ==,18,281,151,OK
59,eNqLjjbQUSpW0lF6tmH648YepVgdkEAmUOBley+IZ2poBOE/bpwI4puZwLgrQVwjYxNDHaUUoACIZ2GOYJtaGsNUtijFxgIAzg8fCA==,7,105,76,OK
60,eNqLjjbQUSpW0lF6vrXp5ezdSrE6IIFMoMDjhkYQz9TEwhgi8HzVZJCAiSVMQeNqEN/YzAzCfzl7BYhvZoii39jEFMJ/sWoDWLuhqSVUQVMTWIExzLgWsH1mMO4qsHJzFFlDCxOoabu7II6BcJ/sWAjWbIxkdywABL9E2g==,14,220,124,OK
61,eNqLjjbQUSpW0lF6OqHn+arJSrE6IIFMoMCTPbNAPBNDCPdxQyOIa2RqBuG/WNgDljaGyTf2g/jmcG43iGtsCVO+fzuEbwyTXwzim8GVL0PhNoF1w+yC2m0BdFkKkAtiGxoYGCNJxgIA2GA9RA==,13,200,109,OK
62,eNpVkE0OgjAQhe/SdReWtlDOQjiAa09QMPEHCUvjwrgxIfFvo3HlbRog3kJn6DRh+c17fX0zWTbjbME4G9qqP7xYzmEw/w9csQOSyqO9AkapGblrzsDKpOS3SxiI2BtceUODoLgnoI5J/QDGKeEGzSqhsAeGJXrk7+qIOv3u7BaYZFfUgCZU2aNbe7k7ldjdiEm6DPYLdglYoSoJW3wsPA/r91hNTcK09Kv0d7xbJEPVerKpbVie/wC833PE,24,375,189,OK
63,eNpVkD0SwiAQhe+SOgUhQOAsGTsbay9AMtr40zqTysrR0cI+M9HDmBiPYXZhUTo+3uPtW8qSpckySZO+a8amS2YpXCymi1e1A8q0cfy2B+BcaNJXwFJJx33bAnOZk34BLshuK7RLsncNsCgc+tmCZD9dcv98ODndKNL32CbYr06Oy0il4zgZdRfcY70FVNTc1pht/ObjGasLFja7Y5j2XYYHhude/tg12nUYdsN0FlVVQhA/0R7wiHL8y9pMPJ8Ygf3OGaxEYJihhTb49ybO5FFmIf/WnX0BWfWdWw==,34,521,220,OK
64,eNqLjjbQUSpW0lF63Nz9uHmpUqwOSCATLLAHxDMxs4Tym3aC+EYmxjD+JBDf1MIQwn+2rQPEN7aE6W+cDuKbG8K480FcMzOY7k6wblMot6ERzDWCGv6yeQXYchMI9+nGbohdRjDDesDSBlD5l3Nngt1mCXNbI1i9iTmMC5Y2sYBx+5ANh7kMJtvQpBQbCwDzXVaK,18,280,147,OK
65,,0,0,0,
66,eNqLjjbQUSpW0lF62jTjceNUpVgdkEAmUOBx40wQz8TIGMZfB+Kbm0G5DY0grpmhjlIKkAtiWxgh2KYGCLaJMYJtboFgGxoZm0AMA1oOEjA2MofZBXaJiTmKU4zNDVGcYmKC4hRTU1MovwnMN4FzJ4N1W8I0rwRx4XY/buxH8RfEalMDJLNjATItVLg=,20,294,140,OK
67,eNpVkEEOgjAURO/SNYvSFpCzEA7g2gtQYqIGd8SFJkSMiRoXLl3gcUASb6Gd9tewfH/6Z34ny3jAFixgva57/WB5YAbz32A8rQ1F0uLwegIji32hDcpZ6FgfDScxIV5LUssaKNz2pziAU0H6xnCc0vYdZh6XQEnRpUGlOMlXcEJekCOVuMF71dmBP3UPDid24f/0BnbkXm6BFK6BkguqZQczlzV0FZD701t8zEffIAu3PRaN7UGRfkYY1aIvtjZfYzUp2VyefwGpxIof,29,450,204,OK
68,eNqLjjbQUSpW0lF6OXvF48Z1SrE6IIFMoMCz6UtBPCNTCwgfKmtiCpV/2gGWNzWC8h839YDlTQwh/JezZoP4xlDu44ZGsHIzYyOYeU1g9TDtjatAXDOY8sb5YOXmlii2G5mbQG1vmgGxDa59AcR1MO5EsOUw25+2doD4hmYmMPnVYHmY8S+WdYONt4Q7DqzezALVcXDH9ENMN0aRNoerXgzxKopXjGGaG4D+jgUArxdzgw==,24,376,178,OK
69,eNpVjz0OwjAMhe+SOUOp2/ycpeoBmLlAkwGkgsSAoKoYGIC1sHCiikjcgsaJI2X87Of3npum4GzDOHPX3Wx71nI/WC+D2UyeaikCu+HpGRSoTFAVOgrOYxAE/E4PXK8EyV+eZR2xMx5LGeVutHgd03+XE6JIYQe8pnJ2i+ZkZu7YNVU/Iqqk7gPTKx/MBl3SHs2B3Owes4DS3HvAe9BZmQoIcQ2Q4m9Zm275rP0DK25u0A==,23,361,178,OK
70,eNqLjjbQUSpW0lF6umTq85Y9SrE6IIFMoMDjxokgnrkJjLsYxDU2h0svA/FNjaDchkYQ18TQEia9CkV302SwblOY7HKwagOo9NOOdhDfyMQCRbcJ3K4WsG5jFMNMLeGmdYOlDWHSTSCuoakx0PQUoACIZ2GEYFuawgxqXADim8GsaeoF2wqXbQMbC5NtABobCwC1cFsa,20,304,150,OK
71,eNqLjjbQUSpW0lF6Nrv9cVOXUqwOSCATKPC4sRvEMzeEcps6QVwjIzMLHaUUoACIZ2GOYBubmkBUPl+5C8Q3sTSFGbQOxDc1N4bwn+wAG2xiaIQib2wGlX82cwvYJgMTmM09IL6ZGUz5fLByC6jylwunKMXGAgB/iDw9,13,200,123,OK
72,eNqLjjbQUSpW0lF63Lz+cdMSpVgdkEAmWGAiiGdqCOPuAXNNTaH8xnVgvpkxhP9y/mYQ3xymvKERxDW2MDOBCjQtAwvATG9ajKK8eTNEOUx2NYhrYolit6GFEardRsh2xwIAtD5ACw==,13,203,103,OK
73,eNpVkT1uAjEQhe+y9RbYZu3dsyA6GupcAHvTEKAhSBSQoBT5USJFkSLRJAqH4UdwizDPM4Ytv5k34/fGnU4rz26yPDssH7b+NuvmVOifC1v/RNSuBL8Ii8oyh3ti46T9ibZTzDWmjajrX0Ir6voDuw3jwBNqxXxavBGrqt1Yri17Oa2+oxdZF6bQFzry0T+CbZqf4LmE70AtOCZ0YiYMo7jkZZsZ2hxst0EwVYrcz+FFcvsXTCfESZ3cNIwaNx0EHMmwk93PHa7E6sP8GbFNcgZ5oVm+fx3FL0i5VuD0Y+uGs/hhypGZ3rkAoqcvcNUpWynCXyNRjGCLqwjdfyOXr0Y=,38,582,257,OK
74,eNqLjjbQUSpW0lF6umTqy8XrlWJ1QAKZQIHHDY0gnrmxgRFE4MWm7WABQxOYisbFYAEzGHcZiGtkbgHhP92xAcQ3toApb+pWio0FADnxJE8=,7,113,80,OK
75,eNqLjjbQUSpW0lF62tr8bMN0pVgdkEAmUOD9nvkgnpGpOYT/uHExiG8M5y4DcU0todyGRjDX1AjCf9E4D8Q3NDeFKZ8I4puYwbirwMqNYdxuiF2GKHYhrAY7xcTAGFU33O4mpdhYAGkKPxk=,13,202,107,OK
76,eNpVkL0KwjAUhd8lc4emSZPmWYqbi7Mv0GZRdBLBHxxUKiiIiKv4NsU+h8lpbqRbvpzLd25SlmnCpixh3WHW1g0bJf5i4i7a+ugpV7rnbvfxLCWn/O6ZaxHy19uz0DLktvas84FOGcI1poUivsGeET5RTrtUcHETprvzHO5Q/b1sMC2jzELOB24R3VdUpUWQPZq+q6B8C47jSyCPNozrbPCu2GUXQKkp3oNVXO2EckG48mhy1z127KEw/7NJqcZiC0W/WbkXjn7xGIaR,29,445,204,OK
77,eNqLjjbQUSpW0lF63LjycWObUqwOSCATLDAdxDMxN4bxl4H4ZoYwbhOIa24O464DcQ0tzCD8ZzPB0mYmUOmGRhDXyBAm3dkNNtzYEirfNAnMt0Qx3MTMFMYHS5uawVR3QkyDOa2pB8Q3NoKpXgW2G+5wsF1GBjDdjYtR7ZqPavZksGa4vxaAjbaAyfaCFZvArQIHmTnMrAagu2MBv4poAQ==,22,340,160,OK
78,,0,0,0,
79,eNqLjjbQUSpW0lF6sWrD48bVSrE6IIFMoMDjpiYQz8TIDMJ/sawbzDc3h8o3zgbxjY1h3FUgrpkZjNsC4pqbWFpCBJ5v3QpWbmYKUzAZxDeFq58Lsc0Ealv7KmTppx1tYN2mcMdNAktbWED4z7qmgm03girfuxGs3ASmvHEmWBpmdxPQK7EA6lZOQA==,16,251,139,OK
80,eNpV0E0KwjAQBeC7ZJ1F89OGnqXkAK69gClFwbpyo2BBhFJQQbfiwstUrcfQmWSiLr9MePOSokg4GzPOHm3TuxOzHA5Gn4PnZgYSJvfuyzlYSuk97K9glekwd0dwKolnZEJx6y1aUZxboHXwUO0wPhM0r3w8Ebspnf5tU7Rt4vw2ReODv05sgN/sGqcm+NXVv9XvF3ypyGPVJY4NsQPqhLgCxm9yN3yHiMWnvhkVLZm1by8ac1Y=,24,374,182,OK
81,eNqLjjbQUSpW0lF6vrz7ceM6pVgdkEAmUODZjD0gnrG5GYT/uHE9mA/nNoG4ZuYw7mIQ19DUBMZfAeKbWMC4LWDVRjBuG1jWDKr65bTJIL6pqbkhTMFqkICRuSXUMbPATjMxN4XKN/WgGN/UDdYP093QqBQbCwDES0Qs,14,219,123,OK
82,eNqLjjbQUcpU0lF63NymFKsTbWYK5TbtBHFNLS1g0h1gvrklhP9i/xQQ3xyq/GnvFrC0CVR1QyOIa2xqBpXeuRnMN4Ry57aDNUOtfrJ7KVizEZS7oxssa4RkViwADjo0Vg==,11,168,97,OK
83,,0,0,0,
84,eNpVzD0SQDAQBeC7pE5hJUHOYhT+CmMoGD1at3EBhzHjHLI/Ct1++968PI+0mpVWVakKjegCarxTz+gRxjvWSMoYC8HGrAGVSK9CWEFLe5YxIcDJxHNuaAfie7vIqXA/qG4A5LFSPwt5E8hh5H8hxOZLixeA9Dlf,16,225,120,OK
85,eNqLjjbQUSpW0lF6umf+48YepVgdkEAmUOBxUxOIZ2oM5Ta2gbgmZkYQ/vPljSC+saGFIUx9B1i9KYzbBeIamkKlXzSDDTc2hslDLDO2NIQa+HL1DLAFhnAFLWDzzKDcBqBzYgHZSDXz,11,175,105,OK
86,eNqLjjbQUSpW0lF63LjvceMCpVgdkEAmUODFigYQz8QEyp3YCeYaQvmPG1eD+BYGMO4qENcMJtsEVm1sjCJrbg7jtoBlLQxh/Mkgvinc6BUgrqWRJYy/FsQ3NAHyU4B8sFHG5qhGGyLkDI2N4QZ3gw02wHAGXK2BBYwTCwBst06Q,18,268,129,OK
87,,0,0,0,
88,eNqLjjbQUSpW0lF6umTqs2k7lWJ1QAKZQIHHjetAPGMDSwj/af8GMN8Ewn3W2QDmmkJVNzSCuKbmMOn1vSC+iaEFqmkw/outS0B8MzOo4R3tIK65Ecy4xgXI0o8bJ4K4RpbGQMelAAVAPENjCwTHxNAYqrSpRyk2FgCXVkDO,14,215,126,OK
89,eNqLjjbQUSpW0lF63Nj1vGObUqwOSCATLDAVxLOAcZsmg7gmljDZdWCuMZT/dP1cEN/UGMJ9PnMaiGtkBjdsOYhvbA7lP9/aA9ZuBNW9cwtY2tgIxXQzMxNzmO07IdZBuc0dYPUwxzSvAVtuYoGi2tQCprsRYpspTLofrNvCBCbdjSoN5MYCAMamV4E=,18,281,140,OK
90,eNqLjjbQUSpW0lF6Nrv9cVOXUqwOSCATKPC4cR2IZ2xuAuE/XTIVzDeEcJ9N2wnmmsKVrwbxTS1MLKEKNu4CCxiZQhU0NYL45oYw9fPB+i2g0k87loKVGxjBlPeA5WHcxvUo3AawYSYmMNcs7IDYDnPrNDDXzAymuxfEN7NAMRvm0seNLSCukQFMunEBqtWLIS4zRXG5GczjDU1KsbEAtktlLA==,21,328,163,OK
91,eNqLjjbQUSpW0lF6vq/vceN0pVgdkEAmUOBxYwuIZ2YI4y4GcU1NYdxlYFkzKLehESxrYAThv1i1AcQ3NoQr7wHzzSygpj/buAuiAKrhcRPEABMYtxvENTKC6W+aDLbOGGbcAjAX5tSmXrBhxuZwt7ehyDc0KcXGAgD/0EiT,15,235,126,OK
92,eNqLjjbQUSpW0lF6NmPP0/VzlWJ1QAKZQIHHjdNBPDMjGHcmiGtiBuP2gbiGZqYw/nywagsot6ERrNoEZlhTE5gPN7sNxDU1N4Hwny6ZCuIbW0K4z6bthOhGMiwWACVKNXY=,11,170,98,OK
93,eNpVkM0KgkAQx99lzx5c1/3wWcQH6NwLqHTICIKgKAgUskMFnrp18GFEe42a2R1jjz/m/zEzaRoGbMkCNrYXlgVAix8NRQckhLY8Hc7AOrY4di1gxAXJn8BS0bw/AcfG8VBukYWy/Knu6JfkL/fAXErn3x2x3iQ036A/9Ou0i5vWb5SHhuZXYDVjbdMorMJbKCwvMDvmbrf6huGx8uRm7n5gmCZcoTpym47NC6vdYVOVo1rO7h7libeZTvwwai4avxmv4n+uvafkJcuyL+Vkjd0=,30,464,209,OK
94,,0,0,0,
95,eNptkD0KwkAQhe+ydYr87I85S8gBrD1BtrAwgoiNYKEiZAXFTrHzMEFDbqHzNrMoWH7zMW/eblHEkZiISHSu7jdHUUY0GH8GbXUiSnXu+bmoiWUS/IU4Cd6uibORZn8n1gERrnLjuXdTxMmM/RKcMq6QNoS3FigVc+WgJeMVt4LdEhrOsjM0NQnr259sFbJ2WFY/vVQ+LL8ee3yL4d52jtOhd4Oi3Kw7+2fFhv0B6dlX0/INT894ZQ==,25,389,184,OK
96,eNpVkDsOgkAQhu+yNcU+gIWzEDobay8AhEIjjRpjbWI00fiojNlwGxW08goyszsYy2/+fx7/JAn32Ih57LlZtmXNUg8Kw65wz2dAKiA8AUrp5MftCBxEEek7ZOn8zWSKrLTTizmwz52/qc5Wp3UF+qVP843B9VzS/Ao4VA6zHNvjmOQSWRCu7TWEF+umXQvE0Lnbq7FZLL7NClBo2pUf7Gmu/bW10XgffQysxV8SRWpW2KCOPzVeLlRnH3SMX4n7Udir+6fvEfnPKvyAIP0CI+iF6w==,29,445,211,OK
97,eNptkj1uwkAQhe/i2oX3z17OgujSUHMBr4WooEoRRYqUSIkCoqGhQFzHwDl4O96xd6J083Z2Zt58u/N5VRaroiwe7+e+2xaLMh4scdCHz6icd4O+/3xErf2M899R21H+0nWTZBuiNI3n9DHqhpt3r1TMt8M+SsW3b5eW0mn07Xql3hj1Akmx+j/2VRb7KW6y81pPsc1rs/7eZrUmi7Oe2is7GAS8YVvN6xFJWwuUWv1FWUmURqCsrUBpuTqhdE6gNEqgdJWSKGcCpbHcPHzlpPtwoIfgR76fuoHw6PRNzA7r9GOmL4RlsR9WwhqwDrdwCFcwguGYhxloi06pupaLNEY6G3/Mjozr8b9tKM3EWxhdPAE5ceHh,46,718,279,OK
98,,0,0,0,
99,eNqLjjbQUSpW0lF62rbmceM6pVgdkEAmSGDJVBDPxBzCfTZtJ4hrDJV93NAI4poamkH5TZtBfDMTKLcZzDWxgHEng1XDZbtBXEMzmGEQi83MzKGWvWjqBGs3M4Yp2Ae23BxmGdg4YxMkt8QCAIcIP0Y=,13,202,113,OK
100,eNpVkDsOwjAQRO/i2kWMP4nPEvkA1FwgtlAoEBUUIIFEEQkEiBrlOoacA+3Gm8jl25n17LiuC85WjLNf+4r+zRyHwRIG3RlIWTVy9E9gYcXI308DXMqEfY/2siL7DVgbwjWgScsxbAGl0iTfkcuEjQdcaLL7B2bRY2GPWSqPsnbk4XhAWUjSsZeaELelyaK1TfLQXNBdVdnlWtG/bLConPUT+nV2m5yPu2ZpYYc4FWvx8YJ6B+bcH6aIfIQ=,26,404,188,OK
101,eNqLjjbQUSpW0lF6PnPv48YWpVgdkEAmUOBZ43oQzwTKfdzQCOIamRhB+Y1zUaSbekBcY2OY7AIQ19QSxp0I4pqbwLjLwYrNzCH8pxvA0kYI5dMhZptB5dd0gk2D8WHycKeA3W1iieJSC0MdpRQgF8Q2NDBG9kYsABn3StE=,16,246,125,OK
102,eNpVkEEKwjAQRe+SdRdN0jTtWUp3blx7AVtKLai4UVBUXAhuFHEhCF6nRD2GnUmmNMuX/+fnz2RZGLAJC5ipb21xZ3kAD+Pu4XM4AsWpxXZaAKpUWf7tZ0PZrM6AkZDObrOEprTHE5inMekLG+fYNG+cjyPSN8Ca7OUcUIaEDU4nZK6xiyK8oqqdbOoXZktN+gn13l5ZmRYtbbaTv2vrlpzsS+CEqhQXvxkWFUq4vSucjnT/2Rbt0j9Dn73zFrFhEfea6W521CHek+th7fwP8kCMyw==,30,463,211,OK
103,eNqLjjbQUSpW0lF61tn9YlG3UqwOSCATKPC4cR2IZ2JgBOE/72wH8Y0NIdxn03aCuObmUNUNjSCuqaWOUgqQC5YyQbDNkMRNjZHYZgi2pQGCbWxpZAq1p7Mb4gwIF+pGQ0sTFFeaGpuguNLMHMWVIOuRXGliYQbTvQ/sUjh3PtgwQ6gfn7csBPPNTWHy/chuedw4HexWExTdJhZIdsUCAJMsZjA=,24,352,164,OK
104,eNqLjjbQUSpW0lF63Dj5ceN8pVgdkEAmWGAJiGdqbgzjd4P4JoZQblMniGtsApV+2r4LzDcyRVVgbgrj9oC4ZnDTV4FNs7SA8VvAtsEsa2gEcY0soMqf7F4KljaCcnd0QSxDUh0LAEJ+Pvo=,13,203,107,OK
105,eNqLjjbQUSpW0lF62j/95YrJSrE6IIFMkEB3J4hnbGQG5e/ZDuYbQriPGxpBXENzmPL900F8GPfZnNkgrpkRlLtgIYhrZGgO1d00CaIbyn+yoxvMNzOFyjeC5U0tYMrB0mbGMFkI1wLVKWYwpzXuA/FNLGHcBWC7TaBmv1jRADbbyAAm3wE2Da58FcRquFNawNJmKJaZAJ2SAuSCLTYxNECSjAUA2W9nyg==,22,340,169,OK
106,eNqLjjbQUSpW0lF62jH3ye7dSrE6IIFMoMDzrctAPBMLcwj/ceNyMN/YDMJ/sncqmG9pCZPvBvFNjaHqXyxbBeKbmUK4T9fOBXGNLKDGv1jYA+Ibw/iPG6eDlRvBuGDbzeGyTWDLTOGOmQRWbQbjzoe4FcZtATsFLgt0SSwAX9hJnQ==,15,234,130,OK
107,eNqLjjbQUSpW0lF62rbmceM6pVgdkEAmUODZnLkgnpkphPu4oRHENbGE8l/O3g3iGxtDuC92d4G4pqZm5lD1jT0gASMjqIJnc5eCFZibGsAUrAIJmJvBuC1g6yyRrIsFAMVeMdE=,10,158,101,OK
108,eNpVjrsNAjEMhndJncKQJ7OcbgBqFrgEdA2ChoaCggIJCRAUjIRgDrBjB6X87P/VdaDVQmn1Hm+vdFe9xsMcD6cDkou+MH8dWOb8RA4zxiVhBMEdoomCazJbJ2EPMk8Zh0RqI2HpQhykisKCke8Z0VrpShnZt2o/abOgVl+Lm6d99luaZkAMuWytbSvS+yb9v/RYlkp63lB5LRspS8zDb2n/BV3xcmc=,24,372,167,OK
109,eNqLjjbQUSpW0lF6sWn9y/aJSrE6IIFMoMDjxh4Qz8TMGMJ/umg6iG8O5KYAuSC2qQGCbW6CYFuYI9iGxoamEAOANoAloeZDbTO2MEWxz9jYDMU+Y5BhEPkOsHssYdz5YGkTKLehESxrAHd9G9iFUMMeN4ENNzWCyYLNNrGAcVtAXDMLJLNiAVEJUsk=,19,282,140,OK
110,,0,0,0,
111,eNpVj0EKwjAQRe+SdRc1SVN7ltIDuPYCTXElaECRgihFRCkI9gQ9TbXoLTS/M4UuX/6fl5k0DQOxFIF4u/Jb70UW+IeFf2hBMibuy5tnnSQDd/aJPCTuT2fPRlOcW9RjQ3GzQV3OeLzxrFj/ag9grSgvCvQj6n/qHD5lOHfDOqw7AueMD4/R+Nl6kCeTmHfr7HZySlegbiTjDtOK5L27oK75VHuFbcQ7/g5H+wqrRYwV2izP/3dmPzNBeGg=,25,391,188,OK
112,eNpdkD0OwjAMhe/SuUPTJm1yloqNhZkLtIgNJAYmJKqC+BlAggkxQQ9TKByD2q4DYfz8nu1np2nge0PP916LW52PvZ4PhUFbaPIzkDIJcZ1PgUNhiB/VGlhGhM/ZFe3S2k/AkRTE78sW7bFg/UjtultXzoGFkqzfyc+4QdRW3gMnvC3LUTZduGZZYJpQOeFl6A63uEJ30i1rih1mDzXrB7qNEf+kAsYK3YaxpCjacceRsytWf3cFTrcdlo0AjY6dO4Voo/RbJjB22AQK3x9hbBEkP2ZpGHofveSY+A==,33,508,220,OK
113,,0,0,0,
114,,0,0,0,
115,eNqLjjbQUSpW0lF6sWrTy4U9SrE6IIFMoMDjxnUgnqmJMYT/fPsCEN/YyBQq39QI4htZmEH4TzvawXxzI5h8F4hvAlPeAFZubAg17tmMPrDxFlDu9KVKsbEAyoYs7w==,9,142,94,OK
116,,0,0,0,
117,eNqLjjbQUSpW0lF6uqT/ceM6pVgdkEAmUODZrgYQz9QSwn06eSGIa2JgaQYReDl7N1jeAsJ9sbsLxDU3hXAfNzQqxcYCANG9HtI=,6,94,74,OK
118,eNpVkL0KwjAUhd8lc4YmaZr0WUo3F2dfoKmLUMGhiIsgUlEQlIqD4OuU9Dlsbn5qtnw5ybnn3KJIMFohjMbPS1+OqMTmYjldDOppiNLUcf02LKjDNSDPPLYGU+KxAZReVjdg4bBSBlnKLevvAdjJuj2Dt/Ruag+jpU8Cs1jw3loz91r3O/jtcuuuBznncZTE8fiw31kY1gH7nuoKbmErp2gLVW2DB9myn1WDN6dxbRrkzX/tQTXxKAhC554wmoced0hCoiQk4XnsRqPnkmG0mNCc83w+E5bFlYTwYvkD+YGk2w==,36,548,226,OK
119,eNp9kDkOwjAQRe/i2kUy3s8S0dFQc4FEQuwCCdFTgBCioKFJxWXYcgzicezYDd288fyZ/10UGSVjQkkzu77nUzKgtjFqG8+qtiQC3ixy6XFvEXLjuDntcFo4/D42OO3FZYXIKBm26Bf5Wpu+VtGMiPpaR9qoL0VfA8jOXpvGNhg47JIxA0k2nifZGDdpOKmTcCr7Fw6E9uojmlcez8lzcykt5yocmziryr/fUd6bWeM16PhVLzE3d/hZrHCd5n58i/KQ1H1ElppjAQ+4DKIogx8Un5se,36,532,213,OK
120,eNptkj1uwzAMhe+i2UP0b50l8NYlcy4QBUWWdCzaBCjQvc0PAnQqil7GaM6RJ5qypaAbH0mRjx80n88asRSN+Nsc+ngSXZMSCySu+6+klA+D7tdPSRvFMr4nqb3l9t0PtQef659J+7F9T9LkYVvqlppfX76HaSxfjtQtG/EAmeLWTrFxRb6IjZ5iX+aLOdYXb0ORV//npXZsCoQGjzqfRLiUqoHJtLkAZn0FzN4Bk22ogJkamMmEmJj0bUXM2YrYaLaPZ3rO3f0qUjnYXP6oyvGNymaWNS3TUvLpv3SKy7vXz0N59PrKH2f6SaABADgad+I0nIMLYBpG4Q1+YAFrsQnDMZBnWFUZdCPrR9F1NycC29w=,43,685,275,OK
121,eNp9ks1KBDEMx9+l5znMTJtp+yzL3Lx49gW2I/iFgrqCIAqCsiiCH3jwsm+jw65vYZpJZlpYvOXXtPkn+Xc2Kwu1pwq1eV7+Pi1UW8SDXTzoj88iNYbx8Tai4+z3PETUdcXcfdFtwf0HSlvBVUQLgjeUHfGTUEvt8Dowv96cvEWuvFQLp8SOuT86jAy6UDuIoiSx8VPcpLGb4jjW1rfJnTjbGCdaTbM9dkkdSM5rL4PgzkmEl8b717X5z4E4TuqAsZkDtswcsCZzwJQuswBcZgF4yCwAsYgt0LbOLMj+DraLLWJb2AmqoyKKYGGshc/5RQ1lZlrlpcGO8pPAcmgoG7Zy8r/CHa2mzB7D+EO6S5oWuNr6/ICYtdZXH8P/a6Tay7BKnrZ/v6ByVtTDNfUuTvysKK+9bK8j42Bs7p7UZJR5p9r2D1PZCsM=,57,873,329,OK
122,eNpdkE0KwjAQhe+SdRcmTdrmLKUHcO0JUsSFP1BBkIKiiIoLURBXiqfRptfQmWSCuvzmvTfzkjzvRKzHItYMjra+siKCQfczeJZjIBl7NCfAmEvHdrFElvpHl2niuK0fqPtt1pxRVhnZL8iS8ACoeNi2xbQiXKOsAk9d2sebqkK7Dtv7wGmw7wE5HW83N9ctJX2EdipTGsBEEKLKM+9+3Yeuq3/ZfAcoNCd7iRx7bmcr15X+1UzwuPjrlnxdK94sE32N,26,407,195,OK
123,eNqLjjbQUSpW0lF61rficeN0pVgdkEAmUOBxYw+IZwHkpgC5ILaJKYJtYYJgG5sZmEE0AU0BC1gawgwBG2lujGKmKUz6eXsziG9oagKT7wBrN4Jxl4G4ZpZQblM32BVw2VUwR0G4TUqxsQCcTj0m,14,208,111,OK
124,eNqLjjbQUSpW0lF62rbmceM6pVgdkEAmUODFtsUgnrElhPt04mYQ18TEAsJ/3NgD4htZGEPlF01H4T9u7ADxTS1h3PlKsbEA3PEjdg==,7,110,76,OK
125,eNpdjz0KwkAQhe+ydYrsf3KWkM7G2gu4GxTxr9BC7BREJYKgtXgZiZjKK5idzQTW8nvvzZuZLIsjMiAR+ZT3ej8neeSEfiO87MSRoohTh0Jzz9UIbJamrW8ujrkSnuvi7Fi2bdVtBjaTGL/CuGz5vSwc67at3h5gWmHcriCusO4EdYJq9A3Uc2w/wu0dbsBNEJ8OE3zUjP0nPDiN4+ohVNOke7SE0wRuXofd4PI4dDFsdjDbddsF2DS4RPxtjhXzwvfhBdq09xr2rmYYtyBIjW7+AyVpkBA=,31,478,215,OK
126,eNqLjjbQUSpW0lF63Nj0uHGdUqwOSCATKPByQTOIZ2hmCeFDZc0tYNzJIK6JIYy7AsQ1g3EbGsGyxuZGMPn5IAFTExh3H4hrZGQO468G882h+p81zAXxjc3h8i1g8yzNIPyn7bsg+g1g8jPBxsOVTwRrNzWDu3Yl2PEGKM4zNYapb2oCux6uug3sdVNjqG07N4Nth+p+tmE6hl9jAai8ZTs=,21,329,161,OK
127,eNptkD0OwjAMhe+SOUNxfnuWqhsLMxcgmYoYmBiYGEAMIPUCHCeCc1A7cWkktvfZedZ76bpGiq2QIoWYwih6iYPNNPiczkhOZ3yPN0QDkDmFJ7JqC+4CrZ0p7uGF7K0U6wlRW/fTeJW1gYX2C63/exU0DWeI9HDFSPn1nCE3ULZqAK2qGui6gTKuagDWl33cc8LsflARx3ikLR8Ldzqm2TtkL3M4cMOMV0oyf+2lMmOw/gtjEnt0,29,425,183,OK
128,eNqLjjbQUSpW0lF6umTOkx1rlWJ1QAKZQIHHjatBPCNLSwj/5eL5IL6JhY5SCpALYpuaI9gWRkhsMwTb2NISaiDQBpCAuSmEC7XNyNQE1T5TAxT7jI0sYPI7wfYbQrlN3WDlhpYw/iKw6XDpJWDdMMObwJqNoXY/bmgEc2HSL5p7kDU/3bcZYjWS6lgAZnBZCg==,20,298,145,OK
129,eNqLjjbQUSpW0lF6NmfN48Z1SrE6IIFMoMCLbYtBPFMzCPfpxM1grrmxEUTgceMCkICxAYw7EcQ1h3PXg2VhihsawbqNzaGGr9oA5htYmMLUrwYJmFhCuU1NYO2WUOmnEzrA0gZmMPl+sLw5TPdssHEWMO58MNcExu2HWAZ3+SoQ38wYxm1B9ijYqbEAbLxW4g==,18,280,145,OK
130,,0,0,0,
131,,0,0,0,
132,eNqLjjbQUSpW0lF62rbmceM6pVgdkEAmUODZjD0gnrkphPtkRzeIa2piCOE/buwB8U0soNymLrC0JZTb0AjmWkB1P+9ZDeIbwZVDdRuYQS2bvhSsHmr30wkTwcrNjGCmTwLxjS2h/OfdayCOMUex3dAcpr93AUQe7rpGZL88bpwO4poZw7jLwI4xMYDxW8C2mcE0g31uAnNLQxPYLKDiFCAXbJCRAZJcLAB4eGdh,22,340,174,OK
133,,0,0,0,
134,eNpVkEsKwjAQhu+SdRateTQ9S+kBXHuBtNQH4kZcC1o3giCiogcqrT2GziQTzPKbzP+YFEXC2YxxNr5O/fbBSg6D6W/QVRcgqbXjz/sALKTnrq6AUyMc96sl8MSE9zXqBdlt8FlJb9ccgVVG61WD9inh1bmlkVwTWgxXQkZqmRGiuQmn3FCcJ4q67TBMRGGCuo7P+b98uLd4qQ7r7idywjNmG28+2L27LJRZAGdUxtasLL/hFHOg,24,376,183,OK
135,,0,0,0,
136,eNqLjjbQUSpW0lF63DzncfMepVgdkEAmWKALxDMxg3KbdoK45qZQbkMjiGtsbg7hP+3fDOJbAFWnALkYbHME29QCwQYZB2ObGCDYxoaWcGfMgWmCcMFuNDVBcaSZEYojjQ1QHGliaIziSFMDQ6h8YzdYOVx3J1i5OVT70+3LQHwjS5hljTvA8pZIpscCAOzZXPc=,22,321,146,OK
137,eNqLjjbQUSpW0lF6unPzs+lLlWJ1QAKZQIHHjetAPBNzHaUUIBfENjdEsE2R2EYWBuYQTUBTwJJQM6AmmhiYoJppYQyVnzMXzDc1R5E3MrWE8F8ub1WKjQUAu+AxDQ==,11,164,94,OK
138,eNpVkDEOwjAMRe+SuUNC2iY9S9UDMHOBtmJAMDCABAIkGFCpQEIgGFA5TqH0GNROHSnj8/+2vx3H3GMj5rHvcddsnyzxoDDsCnU2A/JDwhWi5g6HAWEBqLRQptAWDyhIbg177OfacLM+YL80+Fu+AQOS6+xq5hEu0O0TloA2S5qZbL3cnm/AIrLZL5iFMM8Rrb1MDUvS5zjOLtvgbiG1O05Fhj8v7Feix6pCeWDtJzxN9Z9opndkbdNN3HWF+9gxuiPnjUL7jqwI0+605A8I15DG,30,469,210,OK
139,,0,0,0,
140,eNpVkD0OwjAMhe+SOUOan6Y9S5UDMHOBpiAGYIKhMCGEmPgREkgIwW2AngPs1JEyfvbzs5+rSnA2ZJx9J8dufWOOQ2HwL7ybOZAm9GdAqW3gbvVCFpb6B2CjTdkL7g8oZKVO/EzUb3BexXVXYGt6HKG9VoQLwEKkXRuPQ++c1LXH1TYL/HlOgRWd3u5DW9L0OE26RbOC8ILDgrhZ4uEx52mHLCmnbzFnTjjDXNEN1VomXzCEdcOc+wHn/n0c,26,404,189,OK
141,eNqLjjbQUSpW0lF62jvpxeppSrE6IIFMoMDjxnUgnqm5CYT/fPsCEN/E0Awq39QI4hubQ9U/7WgHy1uaw+S7QHyY9seNPWBpU1MI/8WybjDfwBQm3wHmw0xvXAbimsG5vWDLTFFk4WY3gJ1iZGYI4b9sXgGWhmp+uhFilQXc5ZPAhhlbQH3WCXa5qTGE+2T3DLByI5hHGidCPGYENW452DhDM0uUgDCxgCmfD+bCdDc0KcXGAgBSPW5/,23,359,186,OK
142,eNqLjjbQUSpW0lF63Nj7uHGhUqwOSCATLNAC4hlZmsH4q0B8U6B0CpALYpsbGCPJxQIApo8XbQ==,5,76,55,OK
143,eNptkr1KBDEQx98l9Rb5TvZZju1srO8JVuQQtRIPrhAOYdEDDwsruddZPfQtnEwyyQ7YzX8yn7/MaiU7sRad+N4c5/FdDF1yXCbH9JSUs33W8/iB2pM8oCzR89VtkloX/fNyl7R3WX595ueoKPsBsx1lY7SVJfu82ycdbScuQOKbaXYIzY5yYev//WHpV832vtluYcfYbKMCAdkcs8PQDojLacWBOcOAEQICphgwExQDZjkw1XNgRjNgWnoGrAIsvYNkvUOdbMJiMmT9+7zLiGv4NY4aSD6y3rmYrYewLVfTzghQwAQQCFvCYrAMzA8zw5jFP07QFPpAbZTbvHykmjeo6fbO9yMOFOsCe74e/ozrHf3EK2N5OuH8vaXwNzEMf17l8qA=,48,762,293,OK
144,eNqLjjbQUSpW0lF62rbmceN6pVgdkEAmUOD59hUgnrGhGYT/uHE/iG8G5KYAuWC2BYJtjsS2MEewjUyNDCEGAG2ACFjADFwP4ZuhWGhkZIpioTFM/fPOlSC+obklTL4H7AgTFONMzGHcbrBTDGDclRDfQLlNYFljmN6GRqXYWABIbE9Z,18,268,132,OK
145,eNqLjjbQUSpW0lF63Nz2uGmnUqwOSCATLNAB4pmYmEH4z9e3gPjmRhDu09mbQFxTQ1Mof1cziG9kYQjV3jgTrB1mWmMfiGtmBuMuAOs2hnKbekFckN4UIBdsj7EBklwsAJDyM5Y=,11,168,101,OK
146,eNqLjjbQUSpW0lF6sWn9y/aJSrE6IIFMoMDjxpkgnrkJlNvUDeKaGuoopQC5ILahgaEhkmQsALy1F44=,5,76,59,OK
147,eNpVkb8OgjAQxt+lMwMtLX+ehbC5OPsC0GqUODgYJzVqSFh0MS4OGt9FArr5CtJrj8D46/fd3XfXOHYdMiEOaY6nOp+TxNEP4/ahygpNnodYagw7daoxoBblsm/+PQ4aqc8NN7uLZmGL6+ca3H6Ezc6GbXn9mmn2Q4PfMtPI6aA5cwVWbwfJJLgDPshNg8CySmFW5waZo1vdIKgIUb6D7KNcGJmhfIVm6FYKkOJeajGcna36Z6hkDot0w81NGbdn+OwhKg27L9j0z2L3xrPYRYWLWSUMF8yGeafmELzNPmoZwI1wdiqht4di8gfY6aLs,35,538,240,OK
148,eNpVkD0OwjAMhe+SOUObn6Y9S5UDMHOBNjCWCQYGJBYGqASIBTrBYaDAMSBObCnjZz/b77muM86mjLP37TLuNsxyX5j8C8/ZwZM0Ed3gUQniHtpFGbk9eS4qxDPIJWLnUVTUXoBaJW1TZjoUvv0R9Ib0d9CjN9el41tQZ1EdgwiRJ940TrdLuEa4B6t4qmlD0CJZrmjX1WOuNVqBZRKTvYYGbomAnxVMy/il8bGGaZMGURQkPJVSz8OP0Zlj1v4ASSmGcA==,28,434,196,OK
149,,0,0,0,
150,eNqLjjbQUSpW0lF6Nnfp051blGJ1QAKZQIHHTS0gnqkJjNsF5hpDuY3zQVxjmOJGsGIjEzMYfzKq6hUgrokhzKxJYFkjcwj/yY5OsG5DuO4lYOXmlhD+s9k7wJYZG8Hke0F8Q1Oo+qftu8Dy5nDrpoP5RqhuhXEbmpRiYwFS1U1x,16,249,129,OK
151,,0,0,0,
152,eNpdkD0KwkAQhe+SOkV+9id7lmBnY+0FssFCULASkSAWogQFhWCVxsOsBL2FO7M7gbXbb9/MezNTlkkczaM4+jat0fdoEsPHzH4MuzNQrpRjo2/AqRCOP/oJzFlC+gZYcMIWkMnC23UaWeWkv9Deu5l6hW4y8+VN95e+BiY3o2t0o259CrMvWEy9FUZniST5EMi1s05Jfbhqz+++x72lCO+gfNiw3eOkbHRfusUJj4jhlSTt6c8geVCdj7jAWVhhZ53aD0yGPQigkd6Cj5lXZBa4SFIre7vJDyddmBU=,33,505,221,OK
153,,0,0,0,
154,eNqLjjbQUSpW0lF6NmPP48YpSrE6IIFMoMDjxvUgnqkFlNs0GcQ1gXEb14FljQwh/Gczm0B8cyMI9+U0sGpjIzMzmPoesHYjE6iGF/tmgwSMzM1hClqUYmMB9MotHQ==,9,143,94,OK
155,eNqLjjbQUSpW0lF6tqvhceNCpVgdkEAmUOBx4zIQz8QYxm0BcU2NzKH8pm6l2FgApxkUtw==,4,63,52,OK
156,,0,0,0,
157,eNqLjjbQUSpW0lF6smvJy4ZZSrE6IIFMoMCLTbtBPFNDUwj/2ZwGEN/YBCq9fyKIa2IJ4b5cPQMsawDlP27sR5Z+3LgWzDWCcN/vma8UGwsACnIoiw==,8,124,85,OK
158,eNp9kztOAzEQhu/iegu/H2eJtqOhzgXi3SiKBBQISBdRBKFUiJL7RAiOwXq8HnukDd389sz4t/3NasU7tmYd+3l+vcQH1ndp4XZauMT3pKyf5XCfpBZl9zNJI1TRW8h2RLpSHJ+g2GPvc9IKiwdoVuRwB8VylpsIu6HoeMqa+DR+dvZ73iQtA+7v4CxbmoMzhU7eqNEjFKOV+AHbk7yZJMShxlo3602Ot8uxs8t9vGtif6VPe5assXFX4iY/vfuSZ9uuN7UyuPkjJyxmJtZVCY/PBcRoQ75CKUGYsZowUxHaZij+Q0bVbwZkNEXGcoIM9srISM4pMo74lIETZERQBBlMz8jgJCwjExxBxuCtxyOdo698r/Jm447caziRURgPkO3R2QscVgbpew/VwuIPPMJhis5GecNhz/r+D6ykHoQ=,70,1011,320,OK
159,eNqLjjbQUSpW0lF6umf+48Z1SrE6IIFMkMCODSCeiaExhP+4qQvENzeCcht7QFwjYyj/ZWMrWLmpAUy+BazcVEcpBcgFsS2MzZDkYgGdKyXV,8,123,81,OK
160,eNqLjjbQUcpU0lF60bpBKVYn2swEwn3c0AjiGhkbQfjPtzaB+WZmUPmmfhDf3ADG7VKKjQUAjewXpg==,5,77,58,OK
161,eNqLjjbQUSpW0lF60bnpcdMkpVgdkEAmUODZ9u0gnrmFkSFE4HHjHJCAsTGMOxPENbOEcfvAyuGK5yvFxgIAw0QedA==,6,94,67,OK
162,eNpV0L0NwjAQBeBdXLuI8+dkligdDTULxBGioaCgQAIhaCJQkGCBbBMUiYoVyD37TqL8fLnn51RVpNVKafU59aN7qlrTwXI+mA4dKS2DR/cgZ3np/R6OcJnwfA1b5oWYy3SHtILZE42Ng9stOZG70MRK1gs0gY3zWelfmGS3e5Cj3Q3RknUlxoks39EkD56aM7aNNN343+D5HfCsIuOmTYv1aL5tMRswJuOv0dQWPKx/uM1vlQ==,24,368,181,OK
163,eNqLjjbQUSpW0lF6tnTv05krlGJ1QAKZQIHHTRtBPHNjKLd5D4hrbGoJl98JljcxM4QJTAIJGJlAFTzrAhtgCpdv7ADxEdz5IK6JoQWE/2TXLjDf2Awm3wM2zsASatwUsH0m5lDunLVg9xhaothuirB9Dlje2ARm3ESw7UYw7jKwcnMYtwWsGmZY42KIZ81Q3GoKC4uGJqXYWAAbD2HF,20,315,159,OK
164,eNqLjjbQUSpW0lF62tb6fMpmpVgdkEAmUOB5004Qz8RMRykFyAWxTY0RbDNzBNvYwtwUogloCliTIdQMiImmpmaoZhobQ/iPGxeDzbKAcZeBjTOASj/Z0QuWhhm+E2KaAcz0tZ1KsbEAttE6Ew==,13,194,109,OK
165,eNpVkbEKwjAURf+lc4c2SVP7LeLm4uwPNEVcFEQcRFCsiA4q6iA4iPgvSls/Q3PzXqHjyXl5N7dttwPf63u+VwxPH3P2Or496P0PyuXKUpQ4/KTGYpho0osbWAvy2diyjAjN2qJISJfzHbRQ7JElFc1Xiwc4pPF8g+uC9Pd+cWn1erBs8XrioMUerxFS8vonOODXmgnmY8Y9usaNriLm7uYFzeHZzHVhe4ANaLq4TsGhZj9vfEiTW1QhI6aFJl0N0FyTLiZbXFb1sqMLa2QLVT9t5LK5SIZlkWr+ROu7fwZIrv1O984mbDs/7eqkqg==,35,543,238,OK
166,eNqLjjbQUSpW0lF62rb9cWOHUqwOSCATKPC4cT6IZ2xiDOE/3d0F4psYQbhPdnSDpc0sYcrXgfim5lBuQyOIa2hqBpNuAkujqjaxgJr2YttmMN8Qwn05H8w1NDGHqwfbZmEM464Ccc2A3BQgF8S2NEKwDY1MzFH0mZqg6DM0NkBSbAg3JRYASkdPcg==,18,270,139,OK
167,eNqLjjbQUSpW0lF6Nmvas479SrE6IIFMoMDjxiUgnokFjDsRxDUzgXEXg7imcO5GENfQ3BjGXwXWbAjjTgdxjeGql4M1W0D5T9fPBfONzGDy85ViYwE9QTFB,10,155,90,OK
168,eNpdUjFuwzAM/ItnD6ZESfZbgmxdOvcDloYgQRB06d6tQwukQPemf2laNM8IKUuOr4vh4x3JI6nVqmubh6Ztfj6/znHTrFsN3EvgHJ8V2b7AFBU6quybQjaFvny8TzSD3IYK9wp9hfGo0Pih4on2BY45mXqC4hTQCw9Q3Do0TgbVPTg3XOR/T1nOdp77kDFBcYfOXejAubXgnG/NcnE3w1OGHS6x7vh3u5nm/reW2couZ9v5Bq9o7RGsTGxgvEAtPaacy9gqeEgmFqd3gjMwvAB2GEDqF8rgCvc9vpQXdXtishK5iIwuV9WftJedSntZ3SJSNHIcucdSo1Q8CSXL0kjaiQEZXb8iG1PpSUTV0PoKbiwDBA==,42,741,277,OK
169,eNqLjjbQUSpW0lF6Nqfj2ew5SrE6IIFMoMDjhkYQz8jUEMJ/3rIQxDc2gnIntIG4piY6SilALohtYWyIJBcLAEHVHBM=,6,91,68,OK
170,eNqLjjbQUSpW0lF6OXvV48Z1SrE6IIFMoMCzOXNBPBNDIwgfKmtiaAHhv5w7E8I3h8lPBPGNTWHcqSCuuQmU29AIVm1kCJNuAvHNzFAMNzWB8p/N3gTmWxjD5PeDtRvAuPPBuuHcFojhSHbFAgB9sUQB,14,218,114,OK
171,eNqLjjbQUSpW0lF6Nrv9cVOXUqwOSCATKPC4cR2IZ2oG5T+bvhTEN7MwNUdTYGYGEXiyoxMkYG4C1TCzCcQ1MjaF8F9OmwwxAMJ9PhuoPRYAWHsoww==,8,128,85,OK
172,,0,0,0,
173,eNqLjjbQUSpW0lF62rbmcdMkpVgdkEAmUODZlukgnrGhKYT/uLEFzDeByW9tBPGNDMxg8hD1JjDuMhDXxMAcRbs5nNuvFBsLAAhnJ7o=,8,126,77,OK
174,eNqLjjbQUSpW0lF6tr73ceM6pVgdkEAmSGDaBhDP2NAUwn/cOB3EN7eEcVtAXEMLIwj/+Zw9YOVQ3S/7F4K4ZjDVDY0grpGFBYT/ZA9YtZkhhPt0QgdYs7ExzPDFYD7crmUgrokhVPfjpm4w3wjFcENLqGkvVjRATIO7HGy6OdzwVWBpMxgXYpgZitXmMLMb54O4puZIVsUCAMxyX+4=,20,309,158,OK
175,,0,0,0,
176,eNqLjjbQUSpW0lF6tnDO48bFSrE6IIFMoMDjxmUgnqkJlNvQCOIaG1rCpFeB+RZQbtNkENfEwMwcJr8cLGBhDOE/29UA5kO1v5zWDTbdwBimvwPEN4OZ3tQFVm1oBNU9Few0c0u4cyAKjCygrn05azbYPEsjmPXrwAaYQw18Nm0nxHq483rAzreE6n++bRfYAqj0y13TIcYZovjWFM23ZjDZBWDHGME90ws2DObWxjaIX2Eh2aQUGwsAYl90Sg==,24,377,190,OK
177,eNqLjjbQUSpW0lF6Nrv9ceNipVgdkEAmUOBx43wQz9jCEsJ/umQqiG9qBuE+m7YTxDUzhqpuaASrNjKCqt7fDOIbmVrATFsA1m0C404ES5tAtT/dAOabGJrC5KeD5Q2hjnna2gE23hKufzVYvbkh1DUzloKNNzRHkUfYvgrMhZsO9qixCVx6GZhvBuO2QCyDcpu6wVxYuDQ0KcXGAgCYCWB4,20,312,162,OK
178,eNpVj7sNwjAQhndx7cKJL3Y8S5QBqJkgLhFQ0FAAFY8GCSGBBCjjWA6MAXf2ISg//69z0ygpxkKKYb0J3U60Eh9Gn4fQnZFA1Zl9h2xLlqckG0j86hfI2inDhiMZnM0F8U6FJSeCn6QB9s+o/xs/kGqLnJ73yCbPx8cVsTCO7SfkSue24bKnMYA/XfP58bYlP/Ccp/Oh1omfK+qvlOX8kuY1Y7rd/HylfQOVE2c3,21,332,174,OK
179,eNqLjjbQUSpW0lF60bXxxbJupVgdkEAmUOBx4zoQz9TIGMJ/umQOiG9uBpVuaARLW5gawtQ3gQRMTGDcFrA8nLsELGsM4y4AcY0M4dITwdKWRhD+8znzQXxjqPTLuYvAdsNkZ0OdBte9Gqwa5tTHTVvB8jCnNq0Hcy2h3OaVYK6BBUx6Elg3jA8NBmMLuFuXgfhmpjDufBR/NgC9HQsAc6RlYw==,21,327,163,OK
180,eNptjzkOwjAQRe/i2oXjnbNE6WiouQABpFBQgITSUlIhIkQF3MZiuwXMTJzEEt1/4+/xc54LzqaMs2fdvHZ7VnAYTGBwuQEZJYlDeQBW2hE/qiuw1oTvM9a15Wz8Q8jO99m4/1kPO7LPSkjVetQNDjxhK2lkYpmNfGKpM5lYWpNYqszF+hq3mYgrkuq2bfB2115Gf8RZiWhFXH7Cb1vCT7Ul0/YjYX4fHofFMXkalhVfXfl2NQ==,27,399,181,OK
181,,0,0,0,
182,eNqLjjbQUSpW0lF6PnXD0+6pSrE6IIFMoMDjhkYQz8TAFMJ/2tYK4ptaQLjPl+wCcw1RVJuaQ1W/XLAWxDeDGvZ8znyIYTDljYvBfEMTqPzMvSC+BVB5CpALZlsYIcnFAgDdoTST,11,169,102,OK
183,,0,0,0,
184,eNqLjjbQUSpW0lF6NnXm03VLlGJ1QAKZQIHHjetAPCNTKP/5yl0gvrkxhPtsw3SwtDlc+WIQ38QQxl0G4prBZBsawapNjGDS88HScO4+ENfUHMZdDeIam5lB7WpcD+Ebw+SXg3XD7epFtXoVxOFww/vB0hYo0iamUG5TN9hsIySHxgIA/JxWvg==,18,278,136,OK
185,,0,0,0,
186,eNpVkD0OwjAMhe+SOUNI0iY5S5WNhZkLkIoJuoPEwID4EQMnQFymKhITV6B2kxBv/p6d5xc3jeBsyTh77899eDDPQViMwudwA1LaTNyHE7CuEl4QU3cVAK3kbD4itkRR239ti9q4oi50aaWdjMdcIMyMTnsxpHY1jWkkiWkFiWkEial0fD1ct+ju8idfwFUyazc4Lh1ZrmS0G7oWx10+yhq4zlk7HK8T7sjJwh2H6VsT8fs8Mu9/Vsp5ug==,28,415,187,OK
187,eNpVkb1uwjAUhd8lc4Y4sWP3WVC2Lsy8QGKQKgQSQ0XLz8BQWlUMEVRVJZ4nIiVvAffE163Hz+f+nePBIImjURRH7eq9qeqoiOlhSA/bJyKp056b6g38wLgjzIzjy35JrLn75Qzk5rIiTIWr7sovyKLH3+8NhmWKh78SK48fhMI4bpdrdOdudb1Hd665fI5LlT9timkZ63YBloGxPA+MafZZWlyeOL4ejlimBJcjNCWMWza3fUwJ6xNM5yAs5CyVgVPjqw9YroNmKUUYuv+SHyDPss841ZD+eH9AaNL8Aa3xguC8uvFn/5XOwWkGR+m/AIobFXemTQ==,36,552,247,OK
188,eNqLjjbQUSpW0lF6umTO48Z1SrE6IIFMoMDL2StAPGNjMwj/ceN6EN/U2BAqP38ziG9ipKOUAuSC2BbGCLa5CZK4BYJtaopgGxsZmEMMA9oOMcwcZhnYKSaGliiOMTFHdYyxhRGKY4zNLGHyPWBHwJQ3tYDtNoRx+8FcI5jqpk6wbph0YzeK6sYWiGOh3IZGpdhYAGVxWzs=,21,312,152,OK
189,eNqLjjbQUSpW0lF6tnDO48YFSrE6IIFMoMDjxokgnrEljNsD4hqZmUD4L9pXgfjmUNVPO9rA0kbmMOXLwdLmJmZQBa2dIAFTA7iCxSC+mQWMuwzENTE3gfFbwLbDuE3dYN1GMNn9YK4pjDsfrNnCEklzLAB/OkPi,14,219,120,OK
190,eNqLjjbQUSpW0lF6Nqfh6b4epVgdkEAmUOBx4zoQz9TEEspvboTwYdzFIK65hQVM+UQQ38wYxl0J4hqaGZvrKKUABcA8U1MkjqGFIVRt0xKwyTBu8wKl2FgATGwtqw==,10,153,94,OK
191,eNpVkD0KwkAQhe+ydYpskv3JWUI6G2sv4C6CqBHUTkQiiD9YKGLtaYImxzAz2Yls+c2bN/NmsiwM2IgFrJk/K3NneQCFYVv4rJZAIuQdV3YDHHFB+g445pHTzQE5JFwDJuQ2BaJ07ro8IStB0xfIsev/FlPcHvt+pQj3Ph4BuaZp5orTtHM3lzPqisJZnCY0tZeIfhah3WX19o2X/7NMgGVC+MB22Ye5YbY+ywvl/hN2hsyl186TdtugZYQoTZ06tliAt3Zq/gMI9oLU,28,435,204,OK
192,eNqLjjbQUSpW0lF62jTjceNUpVgdkEAmUOBx40wQz8wcxt0N4prAZVeCuMbGMO4MsKyhBZTf1AzWbAqTXgXmWsK4LSCuKUy2oRHEtbA0gfAfNSwD8S2BZqcAuSC2oYkx3B1rwQLGcNlYAKFsOr0=,13,196,110,OK
193,eNqLjjbQUSpW0lF61t//uLFXKVYHJJAJFHjc2A3iGRvDuBNRuetAXFMLSwj/+datYGkjuO71YHkzKLehESxtAlX+dF0PmA/lPuuYAOaaw02fDtZtDuPOB3FNzAxRLDMygilv6oBYDuN2gaUNLaCmr10M4ptDTXs+ewuIa2ZpCDN9FYhvCdSdAuSC2BYmZiiBYGqEohTkDphScwsYOxYAFaFjyQ==,22,332,163,OK
194,eNpdkT0OwjAMhe+SuUN+mrQ9S9UDMHOBJiwFxICExEglKoQQIHaOU1DhFhA3bjHj9+w8v9h5ziM2ZRFrrWvtlRWRFyZf4V3PPMU87rm1jWcjA7q5R51hdQndBnHvUY7lnWc1eF3gsSLdCq3tgVRLC8hDsMd9AZwIbD95TmIaTITnz9sazLNh9pYOqwGNSVGAfiPSIHRnEEQmSdqxH9JKE+K9jiXM1xzrFWwmwXiwKI2LKh2gDGm7DSxKjmlX/efpME7ZoJuriHl/FEWPov6Pon+iFB9if6Gh,34,529,216,OK
195,eNqLjjbQUSpW0lF60bXx+aZOpVgdkEAmUOBx41YQz8wCxp0G4lrAZSeCuMaGUG7TZBDX1BDGb1ylFBsLAKvlHik=,6,93,65,OK
196,eNqLjjbQUcpU0lF6sW+eUqxOtJklhPtk9xKl2FgAkwUKDQ==,2,30,34,OK
197,,0,0,0,
198,eNpVkDEOwjAMRe+SuQNtmqQ5S9UDMHOBtkIsDIiJARAsCLVICBYWxGmqVnALZDuO5PGlz+73L8tZohYqUUPTD81BVQk8zPFhDWS8Jh7vJ2BrGV+AmfGs31BPC+Lf/g2ch+lv9wTUtmB9h7pmxOV5zrih5Y65B3ZstxQtC1i3aOdeJHdxeIu2EbuyItpLtK2wdcrY4TDHrhtEF3491UdclkZ9hXfEK89Uitwdk1xJDo2PD/rsvBElxY6ny4dKdKJz58VlxlhRUwwDNVV/HzuZBQ==,32,497,208,OK
199,eNqLjjbQUSpW0lF6tr73ceM6pVgdkEAmSGD6UhDP3BLCfdzQCOIaGZtC+Y37wNJGMO4CENfEwgSqe+MuEN/M0hJq3OMmsH5jmHGNy8DqYbKNq8CyFnDTW1BMB1keCwCj6TYl,11,172,99,OK
200,eNqLjjbQUSpW0lF6sqvnaW+jUqwOSCATJLB7MYhnYgLhPm4ASxqbQaUfNzWBpY2g3MY2MNfQFMJ/1jUDxDc1tYQp74JoN4bwX+yfAuKbW8CMb5wPVg/nbgMrh3GbJoO4hpbm5jpKKUABMM/ACMExt0SwLUxgbmycjmIoyAuxAF+eR4U=,16,242,131,OK
201,,0,0,0,
202,eNqLjjbQUSpW0lF6vmry46ZJSrE6IIFMoMDLad0gnrEZlP+4cSKIb24J484Hc2GyTZ0grokFVPrZjKUgvqm5MUz5OjDfEsp/2tME4puZWBrCFLRAFMC4PWDb4do3gWWNYNwVYFmEY5aA+EYGUP7TVqjthhYwBYvBAnC/LANxDc1MYPxesHmofjODaW4AujUWAB3BW80=,19,298,149,OK
203,eNqLjjbQUSpW0lF6OqHn2Zz5SrE6IIFMoMDjxhUgnomhEYT/cvEmMN/UAirfNBnEh3MbF4CljaD8pzs2gKXNLGHKu8DyJuYw9d1geVOYdBOIa2RoZqijlAIUAPEMjU0RHAsDY6hDGoEWxwIAIxs3bg==,12,185,112,OK
204,,0,0,0,
205,eNpVkE0KwjAQhe+SdRbNX2PPUrpz49oTVBCsPxQRceHCRVFEQRAsHkga9RY2kx+c5Tfv5c2b5HlCyZhQ8pnfzbYhBbWDUT94TSpLmnssdxZFMnD8bR6WOU9SSob9wJJKg7o/g1vJ8Prq3MKxqTagCxX0g0sPu5dgl1E+QbzwcaauLTMd9ZVlKQIuIC1WX+NLbqBq3/XdtrBMpUhXmS/TTZ//aaYt3WkadVUMVZWZt3ezI9gZQ+lccrRdiAz9lI6nXCAufkx/WfEDOcmFtg==,28,437,205,OK
206,,0,0,0,
207,,0,0,0,
208,eNqLjjbQUSpW0lF6Nm3D48bpSrE6IIFMoMDjxhYQz9jIGMpv7gPxTc1g3D0grrkFjNsBVm0I5TY0grmWJhD++z0TwZpNzGHKZ4H4JkYohhmbwwxv2gHiGxlCtT+fvQ5iuhnccQtAAmYw9Y0Q4y3MoeY/37YL2fyXu6ZDrIdrXw3mw/z2bDbYPhMDS5h8v1JsLACMhViC,18,284,150,OK
209,,0,0,0,
210,eNptUjtOA0EMvcvWW+zOeOzZs0TpaKi5wG4EEhJIFFSpiIQUQoqIAyAuE4FyDGY8O15bSufnv5/fatW1zV3TNr8Pj5fvz2bdZsdtcpzHKaN+8DOeNhkHqPCUoaO+4L9tCZOkP2UMkv7FcKjwPUMv0T3DASt+ybj2Pm+eS3Gs4TcOS/Urj5bJB25G9g4MNfzD2fXMaZdhTKNuEuRQXGxUNig7krI7Veuv15LyZxLEDtd7kvITqv7Kj2ouqFpQ+f3QzaSlBzMtM0vzsxEMS9CD+TYN5ttGK6kkZVUddN7owMvvig68NzqgYHRAzugAIhgdeDQ68M7IAMjIAHq0OkBzYXBkdLBssjN6vhzG8h+5g+kLaDZd+DnyrCir3XO4s7PAQIeS/cHVkr01m42J0fU/1GsPjA==,64,937,307,OK
211,eNpV0DsKAjEQBuC7pE6xeW/OsuQA1l5gs4gKimKlhcU2NgpqYSMeZ1E8hs4kE9jyG/5hHk1TcTZlnH0OpyHeWOBQmPwLQzyDlCEegbZwhVSZbQTqSiS/Ny+0zXw+kI7i8QoWXid/FzhL+xxfzoGmLqtcwK72LgfuOyhIZSmwx4Ag9tgviZjWkpab4TRhxahbleW22G3E6BGGZnXrdCoRH1HCbcdC+AG2nWm3,22,342,171,OK
212,eNqLjjbQUSpW0lF6OmnT48Z+pVgdkEAmSKCzF8QzNjeD8B83rgPxTYyg3IZGENfIwAAm3QTim1ugqEZo3grimprCuGCbTC1gqps6wWbDuZMhVsHsalwA4hvCtL+Yuk8pNhYAqOo6aw==,12,187,103,OK
213,eNpVjz0OwjAMRu+SOUObxvk5S9UDMHOBpgKkClgYEAtjYUACITFwn4qWY0CcuGrG5y9+/lKWGWdLxtnYHYfHnlXcDxb/Qe92nqRVgce38ww24Me9PBamoOdXZB3z73ODrOJ63xyQBWGNdjVdW2GcE148KpukAibZdt6lrxvEPMqGU4dyQcfcHeVgYvd1iyxN8lVNdndGXZZsg4Fob/G4BE35LfycEMtoSKpqOata/QD0ynLR,24,374,180,OK
214,eNpVkDsOwjAQRO/iOgWOf/FZIjoaai6QRAiQQkMDokYiQAEpaACJy0QgjoG99tpy+XbW49kpy1FGZiQj320/1DsyzuxgagZDPbckJHX8edwtM+XxebTIqcb1tVtnXu9a0FWB+ht0hniwGFVwy3PhuWngM+mxqsGM+Wy/5QVkjLZawOvodgNZq2RdimSd6ZDlCllEkhTNPeZF6KWDQ2gaTXJv3m8sU4nRXanR/AXmPKlBxFpOrtVwCbix8PcZslBuBhMzgK+4iKALhat7lwsLbZOjKtPv+A/yTppV,33,509,219,OK
215,eNqLjjbQUSpW0lF6Nmfu48bVSrE6IIFMoMCLxnkgnomRBYT/uLEXzDeEceeDuOaWMG4LiGtoYQbhP5u9CcQ3BUqnALlgOWMLAyTJWACJzyYd,8,123,81,OK
216,eNqLjjbQUSpW0lF62jTjceMqpVgdkEAmUOBx43QQzwTOXQ7mmllC+C+Xt4L4xoaGMPl9YL4JinJDcwsI/8XWDSC+qYUxTH4xmA/XPR/MNYNyGxrBXKDdKUAuiG1ubowkFwsAEgM4nA==,12,184,103,OK
217,eNqLjjbQUSpW0lF63LjyceNkpVgdkEAmWKAbxDMzhnGXg7lA2RQgF8Q2NUawLUwQbDMjBNvQ1NIMZsBKkICJOYwLtszYEsU2UwMU20wNjSD8p9uXgk02gXCf7AKrNkLoXgdWbgK16+X8zSC+OVT544ZGpdhYAEbHRRA=,16,235,122,OK
218,eNqLjjbQUSpW0lF6tnDO48YepVgdkEAmUODphokgnqGFJYT/uHE6iG9uCuPOAnFNjGHcJSCuqbkZhP+icxOIb2QJ0900CazbAKZ8FYhrbGQG4/eDTTNBscvMCMZdBjbcEi7dAtZtjKLZ0NDYAiLwfk8jWMAAqD4FyAebhVANthrkMJicoZEJ3KZusGJzFLWGIGfCFRsYwDixAPhEXWU=,21,318,158,OK
219,eNqLjjbQUSpW0lF6tr73cWOPUqwOSCATKPC4qR/EMzWGchungbjGqLLGFiYo0kYGphD+07aZIL4ZVPr5nPnIhr1saARxzU0t4aYvBsubwrjLQFwTmGWNvWDlFjAu2DAzIyi3oUkpNhYA6hQ+eA==,13,201,109,OK
220,eNpVkE0OgjAQhe/SNQvoD4WzEA7g2gsUNiYmRkncqzExKDFEjcb7IAFuITO0DV1+8/pe502S+B5ZEo/0z3pYFST1YLAYB01WAlEZTtx/zsBMY1u85tioDDEWxn0FltQgmmVs8AQYREbOc2BOuf6ruuDfPDD6lG4wOyDa8C26IyvfUJaubF9jtoicxWnIJu7eO5R1VvtQiMLtxZnbSzi9hB87vZive/2+d+BQn3hQe0S9aLtZz7GrajQze7QjhtuLj9npH35tirI=,29,448,200,OK
221,,0,0,0,
222,eNqLjjbQUSpW0lF6OWvx48bVSrE6IIFMoMCLbV0gnomJIYT/uHE6iG9qBOMuA3GNLWDcXhDX3BLGnQ/iGpmYQ/hPdu2CGGYOk98B1m0G5TY0gc02gWlvgvDhVreBuWZQ3U83TASbbmGK6jRLqGNezp0J5pvD5bvBfDgX7E8TAxgX7FEjIxOo7oUzwG6zhLu1BdXjYMtMjE1g/H1g5XDDwXabWyD5LBYAactuqQ==,23,358,172,OK
223,eNqLjjbQUSpW0lF6OmnT48ZupVgdkEAmUOBx4yoQzxTObQFxTcwMIfwXXRvBfGNTVOVGMO46ENfIEq4dbLaxhQGadjOY/HIQ39wExp0JloZa9ripE8y1QLHL2BzFacYIs8B2GxshWR0LAHWNSGc=,15,233,110,OK
224,,0,0,0,
225,eNqLjjbQUSpW0lF63rHtceM6pVgdkEAmSGDmXhDPxBDCfbl6FYhrZGoM4T9u7AHxjS2MIPyni6aD+KYGRjD5DrB2Cxh3GYhrBue2gLjmcMPmoyhuaESx69mMpRCnWMKUgx1qZGwKlZ8zF2y4GZL2WACuXERL,14,218,117,OK
226,eNptkDsOwjAQRO/iOgW2N/6cJUpHQ80JCE2QKOmQKBAKHUhEooCCwxgicQvs9ZpgiW6ePaud2aqaFGzOCja03fO2YnURHmb+wS3OgaTVkYfNI7AyhJc7oo34Ol0DcgVpeh3YeJx6RK1GDXrU5Y9H6f8eLUYtSxCUoe3wk0ek/GB51oDbSdYAZNZAQt7A2qyBAOL3dh+3k71HO6jvsiOWEZTNNbjMpGs2B4xKx3TLHU6bhH0cllnylNQ1Pkr9AUOZfkc=,29,427,194,OK
227,,0,0,0,
228,eNqLjjbQUSpW0lF63Nj0uLFFKVYHJJAJFlgC4hlZmML4C0B8Mzh3IohramoC4T/t7QLzobpfLJoG1m1qDFO+HMQ3sbSA8J/NXQriG5saweTng/jmMG5Do1JsLABG/TEN,10,157,96,OK
229,eNqLjjbQUSpW0lF63LjqcdNkpVgdkEAmWGA5iGdkbAzhP90wEcw3MIHJTwfxjQ1h3AUgrqk5jAtRbWEJ4T/Z0QuWtoAatq4TxDU0NYIpXw3im1jAuKvAXDMot6kbrNkYxgW7E+YwqM0mpnDVEKvg7mwDS8NUNzSBbTY2NkEVAJmeAuRDZQ1RZY2MkGUtzdD0msNkYwGjYGOZ,22,337,153,OK
230,eNpVkDsOwjAQRO/iOgVO4iQ+S5SOhpoLECOKECgoaBESPyl8BAIkJG4DBMEtiMdeS5TPMzuz6zRteazLPFZvyvdqzzJPP3Sah2d+0BT6xP0cHBMujGxRLTWKxMlzzVxa/Xu+wC5JV6XmgPS6GGOeR3/tXAqr34eaIyu/bhj3Q2dHnaBt8gnSRWD4Ux1Nmrtti21CWkb9L3OawS4Ssk9RLgl3KIttej0oTJogXZlbCa9Id6xGGHfy2vycm65QzpufajdszrZ3Pnowxwlp2Q+fY4hT,29,449,210,OK
231,eNpVUrtOw0AQ/BfXLuLc2bG/JUpHQ80P4LMIliIQkAYqkHglIJKCKokUPiaxxGcwu3e75jqPZ72enZnxeJAmZ0madBfNwX0mk5RenOLFobkmlFd5wPWKcFYK714IF4WMfxMcKbshaBX+MOzpO15eyu5HgqYygvc8PhTIwmwudFPzrwW6d6aNFbphKUqvCQ6LSrY9+G1CzyKl57zbZDLtHCuVM+upp8P47+XHf7prp/5fJvrayN1d+8rjKtWbqvi43TLOMuEX/vvgxHF3H4dQX/H/yqC2u2n5mFKNfGYr1Mg3XjeIT+/xPE7lieneuFuPBS79tBYkWKGff3FKoE8AQ7X6rqFgOB81QnVQF1QErUATED4CR8bIFVEiPiQGqUgGdiIAeA6f8Qw3sQGewSY4AzNwP07GmTTv5rgAoiE0aLO5jbSNrGib/AE6HRWY,43,777,333,OK
232,eNqLjjbQUSpW0lF63LjvceMCpVgdkEAmUOD5HDDP1MACwn/cuBjEN4Zzl4G4JsYwbguIawaTbeoGKzYzMIQIvFg4HWyahTlMwSSwdhMTCP/ZilVgDVDlz2evA3ENzU1hxq9Wio0FAL+8No4=,11,173,107,OK
233,,0,0,0,
234,eNptkT0OAiEQhe9CTcH/z1k2dDbWXkA23mBbE01MLCw8gZ5Grb2CMMDCJCYU883jkXnDNDFKdoSSVzykQwLNjW1uzHMmpWTleM+sdcV9BBS+yWA2FqG0vPD7ecxsXcHPUtwJNwlBYr12Q9/5Xmsx3B9qbYa+7LUZvMJZPKri/7HklhzH9ii24thsGULdctbYxqPYwrt2/QJy22m8wuPrxm8wiWmDLYCrei7/U/D7OJEQfgOlhEw=,32,463,182,OK
235,eNqLjjbQUSpW0lF63LzycfNmpVgdkEAmWKARxDO0MIbwjUA8YzMIxxTEMTGCcCzAHEsIxwDEMYVJPW1rA/GNDKCGPG5cDJa3gHGXgbjmcO4qsGpDmBMaV4P4ZuYQ7vs980FcC0MdpRQgF8I2RJKLBQB6qTrg,14,206,117,OK
236,eNqLjjbQUSpW0lF62jTjcdMkpVgdkEAmSGD/DBDP0NwIwn/c1APim1hCuY3zwVwDGHcdiGtsaQjjrwfzLaDchkYQ18gUprypH8Q3gxs2DcSFW9W4Amy2GYy7AKwYzl0McZg5iksQZkFcgtDdDeKbmsC4q8Cq4Q5rUoqNBQAswVFZ,17,262,129,OK
237,eNqLjjbQUSpW0lF6NmPp48Z1SrE6IIFMoMDTJXNAPBNzIwgfKmtkZgLhP5s6E8Q3NoMqX7cErNzAGKZ8NYhvbgjlNjSCuKYGZjDpfSC+GVz1AojhphD+i1UbwIZbWsLku8F8mGmNLWDTDOHGN0HkTaH8Zxumg/lQt79s7YXYjuSYWAAR104o,16,251,135,OK
238,eNpVji0OAjEQhe8yuqKdTrflLJt1GDQXYAkOJAZBgCBJMHg4zAYSbkGnv9S970373ut7KWAJAj6P6zRuYBBsLLwxjScmtBj5/dwxE+p8vzM7K2DukbVxVTtVNdGfL6tGiTaG+XY2tC7lYYrtmi06P09btLTNFjIU+XvZx+2U768QR02cQdW2mYw3RtXNUtrxEJ7r0rYNXH6fY3nC1RqG4QcWs2Tv,23,344,165,OK
239,eNqLjjbQUSpW0lF6OW3y48bVSrE6IIFMoMDTCR0gnrG5oTFE4HFTP0jADMZtXAXimljCuC0grqkZjNsN5hrA9HaCDTMxgvCfrV0J4pubWlqgajeHcZeBuZaWMMdMBPENzS1QjDc3hHHblGJjAaBwPzc=,13,204,113,OK
240,eNqLjjbQUSpW0lF6vnXr48Z1SrE6IIFMoMCTHWtBPFMjQwgfKmtoagrhP9u6HSxvaQyT7wHxjQ2NzSECTzdMBAtYwBVMB/FNYAY+698F4hsZQS183AQ2wALGbVwGVm4O1f5iWTdYOcK4DrD9FjDufLBySyi3oUkpNhYA3itFjQ==,14,222,127,OK
241,,0,0,0,
242,eNqLjjbQUSpW0lF6Nn3Ri1VrlWJ1QAKZQIHHDY0gnrmZjlIKkAtiW1gg2CZI4kYWpsYQTUBTwJJGEC7URDMTFCONjGH8xiUgvqkZjNsNttEcxl0FljWBq25Rio0FAB2JNG0=,12,177,98,OK
243,eNpVkE0KwjAQhe+SdRedtunPWYo7N669QNONhCKoGwUtLkSRCgq6UfA2tXoNm0kmmuWX92be5OW577Ex89h7tW/FmQ089TBSD5taEaSh5lZcFMcpYaMwin3im+KQ5FIqDEIjv+4FypnGj5wggsmSFWYlQMvwkiQgvKI7cXZHnNQTRsWRiXosdZRdtsZlNC0OWjbj3WyKMqFE5JkNW7jTtZYj4p2ugfCIt4DJ7uZPDAvAaYlb+/a/lbbEGjhQWCGwFujtw571r+0llZvcaC//ecHPCAZfDC2TIw==,32,489,217,OK
244,eNpVkDEOgkAQRe9CTbGwu6BnIXY21l6A3VgYGxO10MrGaGG0MBaKUQ8jcA6ZzwzR8u3/f+fPZJkKg3EQBvV69XHLYBDSw6h5YLKJ4JEw1rrl8jknNiZi3cNuYrEfCNMOt0jbPqeLgjiyknY34iRlzD3sirkqTsQ61WI/Y5jirvXuja4i5w5yxL+XjxnijNX9Cln3pLpv7bxqtbi0eneJCXaRcm6Prt1hXpgtn7kNZhkJ+ynC9m8zusOwQUjqd+vBF8pJe2I=,26,402,197,OK
245,,0,0,0,
246,eNptkT0OgkAQhe9CTYHsH5yFeABrL8ASOzTESGeMJiYasdHawsMQI9xCdnZncRLKb9/Mmzc7WRaFwTIIg37/6m7PYB6ah8Xw0OrKEEscFmvAFLE0GCtl+VMBS2Gx1zVUzwSaQbfEbr0yKCJiJv3kMyBO1hdSnGuYnMQoHwxzSXOO8smw8kG2IHPEK3gLV/2tj2Dut9abiSiSTa9hvWNJ/wi927wAOVVY/gbZV+8gWeSjNSDjrMJ24wG65gHlzLuVth3xTg4wnBfYoTs1V5J0c0Y2GT/NXiAhwRX9FC7+7jP/AQJSuFA=,39,600,230,OK
247,eNpVkDsOwjAQRO/i2kUS2+vkLFEOQM0FsEWB+IgCIVpoAwKJA3CZXAQ8YVfa8u2MZ8fb95U1S2PNlF5T3pnBlsECg2chCr7+D/KmDDzrs5sc208FXVMpjp7dB8g6PDiW0xbcMR61+w61ZbwgOjJ+YO4C8xocVRGSIiv8gli9Ikv+uMdbkt7zas/ZOUOv1ao6ShpORNL7gd4N401fDI+D7E5nrBL3CJQi74KtROP6kc35d7/hC7NajOk=,30,461,185,OK
248,,0,0,0,
249,eNqLjjbQUSpW0lF63Dz1cfNqpVgdkEAmWGAOiGdqBuOuAnHNLWHcpWBZYxh3D4hrBle8AMw111FKAXJBbAsDYyS5WAAmfSVo,8,120,72,OK
250,eNqLjjbQUSpW0lF6umTOy0UrlGJ1QAKZQIHHjatBPFMzGLcJxDU2hnHng7mWUG5TN4hrZomi2MgSbtYqLJpN4EavA3NhVj1bAVZtagjhvlw4BcQ1NIfpbpoEljaFchsawWYbWKIabgTjbgNLm8A0Twa7zMgCwn+yowFZ9fMpYM2mULOe7p8BVm0Bc2lTD6o3wQ41MYB7swXMh0k3AEMhFgDjem3Z,23,354,165,OK
251,eNqLjjbQUSpW0lF63LT5cfMepVgdkEAmSKB5EohnagLjgiVNLXWUUoBcENvMCIltiGCbIKkxMjG3gBrQtBmmCdk8IxTbjMwNUKSNjcyh/MYFYOUwwxongqUN4dI9ENOg2p9OBFtmbgrhPpu2Uyk2FgDQcEWZ,16,236,117,OK
252,eNpVkr1uwjAUhd8lc4Y41395FpStC3OfoAhBK7ZOWSoGVAaQisTax0FE4S04vvjG9nY++/4ee7Fo6uq9qqvHz/c4/FZ9HQ6WOLh9HALpVvAYkIx+MeKZbSf368DOCv4FNHP2jtEJnri2JE9bZqNeeP/cBOwwyRsw6BA5a5u0U0kbk51n8VpnuXm8S9pTluuTJku+WFhHe6JZyrnSLlXYpQ2V2d4XdqVwtisVY7uoKewylgq7xOtoV+tIws+cPb/Mha/lLR7/3Jpir+nrytedKrLbJk46rvfMqdzAw0iz1S5+mvSL4AX2h8aW2AzbYAMMjUFRHfNgBLSFRnHUizVcl63bPwFJ/tV9,42,666,264,OK
253,eNqLjjbQUSpW0lF6Nrv9ceNipVgdkEAmUOBx43wQz8jYGMJ/NmMPiG8Ok25oBHFNDC1hypvA0qYw7iqwtDmKYcaGMO46MNfYCMJ/2jQDrNrIEkXexMQMwn/RuQnEN7SA8h83TQLLwy3bB+KaWsC4C8AuN4BKv1g2C6LbCCbfAXYq3LJlIK4Z3KktYMOMYVZ1g7kw2QawN82ARqUAuSC2hbkZklwsAJoXZyw=,22,338,170,OK
254,eNqLjjbQUSpW0lF6OXvF44ZGpVgdkEAmUODZ2kUgnqmljlIKkAtimxkh2ObmCLaRsYUJRBPQFLCkMYQLNdHU1BzFTBMTU6h84z6wchMYdxVEuQGM36IUGwsAWCcwOw==,11,163,94,OK
255,eNpVkEsKwjAQhu+SdRbmnbuUHsC1F2hiBYsLKR5AQfB5LKH0GDrTTHCW3/zMPx/TNCspNkKK+dHN4yBaCYP1b/BJbyCvCF+ANhbMw4KGxcER9hhXHBED4RPQUdolRF1OTf0ZuYhM2x2g8p6271hmySTjZa89UzGeqbgYq/oJB9X8wuv2gFrxNmu4a6C35CPG9UuHJSa8suV0w+4Y/m61X5NCdm8=,25,387,164,OK
256,,0,0,0,
257,eNqLjjbQUSpW0lF6sXD648Z1SrE6IIFMoMCzGX0gnompIYT/uLEbxDczgnKbukBcY1OYbA+Ya2wG1d2/C8Q3tIArB8ubww1bBlZuAOO2gGWNkWRjAQ1jMLc=,10,155,89,OK
258,,0,0,0,
259,eNqLjjbQUSpW0lF6uqT/ceM6pVgdkEAmUODJjmkgnqGlsaGOUgpQAMQzM7GEyD5dMgfEN7E0hfCheg1NzSH8l7NXKMXGAgCHWR1v,6,94,75,OK
260,,0,0,0,
261,,0,0,0,
262,eNqLjjbQUSpW0lF63LTkcfMSpVgdkEAmSKB5NohnaGoB428G8Y0NzSH8553tIL6ZGYT7bNpOENfEwMgUqr5xAUgArr1xIohrbgnlNjQqxcYCAA5AJ+I=,8,126,86,OK
263,eNqLjjbQUSpW0lF60dD8uLFDKVYHJJAJFHjc2APiGRkbQfhPlywH8U0NIdxnO7pBXDMTKHf3PBDXxAKuG6zaBKr6cVMT2DBDc6B8ClAArNcIiW1sBtM4HawRbs4yEBfmiMdNQFtjAdz3NlE=,12,181,107,OK
264,,0,0,0,
265,eNqLjjbQUSpW0lF63LjvceMCpVgdkEAmUOD52ikgnqEplP+4sQPENzeHcXtAXBNLYwj/afsuMN8IrnwViG9mCuO2gLmWUG5Do1JsLADv9yed,8,125,81,OK
266,,0,0,0,
267,eNqLjjbQUSpW0lF6sqPh+bw1SrE6IIFMoMDjpkkgnokRlNs4C8Q1tYBJNy4G8c3MYdwVIK6lkSGE/6hhGYhvaAxUngLkg9UaWUIVNzSCFSPJGRoYm6FIGpoaw2RjAZzjMAk=,11,165,98,OK
268,eNqLjjbQUSpW0lF6sqP7ceM6pVgdkEAmUODphF4Qz9QYyu2EcA3NIPzHTZPAfANzqPzEPWC+mQVUvnEbsnao2aZGhjB+D4RvAuE/a1wK4puYmMLkZ4H4xnDt3WAuXPd0sGoDGLdFKTYWAJoOP0A=,13,203,110,OK
269,eNqLjjbQUSpW0lF6Or/5ceM+pVgdkEAmUOBx43IQz8TIEsbvBfPNodymHjDX1MQMJt8CErCAa18N4hrD+C+WdYP4RqamMPkOEN/MAsZdhs02c7jq+UqxsQCPdTXr,11,173,93,OK
270,eNqLjjbQUSpW0lF6sqPh+fZJSrE6IIFMoMDjxtUgnrGZBYT/ctkaEN/MCMrduR/ENbUwhSpvaoHwYboXg7nmMO58ENfIFKr6aX832HATqGGNUyBcuPIeEN/EEOaWpp0gvrkllNu8B6zcFM5vgWiHWv58bgPYNiMzmHHLwMbBvPJs7UqweiNDmDxYv7khinIzmOlNYLeaA52eAuSC2BamxkhysQAiVmPf,21,325,168,OK
271,eNqLjjbQUSpW0lF62bjgcWO/UqwOSCATKPC4cR2IZ2puAeG/6NoI4psYQrjPG1eDuEaWZijKjS2h8i/nbwbzTU1g8gvAfEMYdyKYawTj9kBkoaa9aJwH4hsidE8GWw63rAPMheteBuKamVrA+MvBTodJNzWBnWpiAJRPAQqAjTY0QHBMDI1hOsFBALe2qVspNhYAzPBXow==,19,292,151,OK
272,eNqLjjbQUcpU0lF63rFNKTYWACRVBQ8=,1,15,23,OK
273,,0,0,0,
274,eNqLjjbQUSpW0lF62rXyceNEpVgdkEAmUOBx4zIQz9wYxl0F4poaQblNk8Gy5iiKjSzMIPwXKxpAfBNLmGFN/WDd5iiGmcCtagFxjeGKO8CyULMeNzRCuHDV88GqDWHcBSCumaUB1GnP5i6F2GWI6nITFMsQLl+uFBsLAHAAUXI=,17,263,128,OK
275,eNqLjjbQUSpW0lF6um7+03XblGJ1QAKZQIHHjStBPHNTGLcNxDWGc2eCuIamMH5TN1g1XDOYa2JhAuOvAis3NtZRSgHywZImlhDJ93sawZKGlghJQyMLY6jWhiawyUYwyVgA5d408Q==,12,180,103,OK
276,eNqLjjbQUcpU0lF6vmqyUqxOtLk5hPu4oRHENTI1hPIb94D4ZjDpJrBqQ1MzGL8FLG0A43aBuCaWSIbFAgDa+yC2,7,107,66,OK
277,eNqLjjbQUSpW0lF6sX39kx1dSrE6IIFMoMDj5pUgnrkFlNu0BMQ1MjeCSU8D8U0sDUygAo3rQAKmFlD+08UbwHwTY0OYgh6wCWZQE18uWgHiG1oaw+RXQ/hQ+Sc7p0P4MBsbF4MNhCtfBuIam8Ac2NgLdi/ctvlgriWU29CkFBsLADocSl8=,15,238,134,OK
278,eNpVkTEOwjAMRe+SuQNtUyecpeoBmLlAkyIWYGFCAsSEQEWibMB5igLHoHZtRMcX+9svSZ6PIjVVkQrNqnVLVUR4MOkO2mqNZDJG/0TMdCrlObIGwRoxjY1wRSzdviGEMbO70HDZ5fq0oF9QVUuVwiZhLF3fzKs+9Q05BtnlrsggZm5L4rHgjIZZwRNiokXMewonAzGTDsIwNAELLB7KPbXz6rA5/ouH3YHE7W/4mcQtu7weJT0pX/t97z6g+AKYNIDS,27,417,195,OK
279,eNqLjjbQUSpW0lF63LTocfMepVgdkEAmSKC5A8QzMjaC8J81zAXxTQ0h3BcNzSCusYUpVHnjAhDf3AzGXQfmQlU/bmhEVd3cDubDVDdtA5ttDuMuAXHNjGCKN4NlTaCqn25fCuZDHfp07TIQ18TYEsUlMGmoS0wNobpfLt4LVm5kAZPvBbsUrny+UmwsAM5nVw8=,18,279,146,OK
280,,0,0,0,
281,,0,0,0,
282,,0,0,0,
283,eNqLjjbQUSpW0lF6umTqs2k7lWJ1QAKZQIHHjetAPCMLCwj/af8GEN/UFMJ91tkA4pqYGsKUd4P4xmZQblMnWBqq+XFDI5hrZg7Vvb4XzLc0QbXMwBJqWU8riG8O5T7ZAdZuaoHmNlOo/Mv5m0F8MyMU20yBbkkBckFsS2NzJLlYAKnVS9I=,16,247,134,OK
284,eNqLjjbQUSpW0lF6uXrV48YepVgdkEAmUODZxl0gnrGhGYT/uHEfiG9qAeU2dYK4ZsYw2VUgrrkpjNsCVmyio5QC5ILYhoYWhkiSsQCH2SXX,8,122,81,OK
285,eNqLjjbQUSpW0lF62tr8bMN0pVgdkEAmUOBxYzeIZ2wG464Cc82h3IZGENfE2BgmvR/Mh0k3TQZxzYxQNRuiajaBWvWsYSmIb4pQvhrEN7SAqvcBy1pAOJ5gk6Aq/cC2WJhCrXUFazOF+2AmRBrmpm4URzSuAzvCAGZpUxNY2sTSEiLwYlcXWMAUxm0HO8MEZlxjm1JsLAD5eV4W,21,320,156,OK
286,,0,0,0,
287,eNqLjjbQUcpU0lF6NmW9UqxOtIkRhPuytVcpNhYAjxMJoQ==,2,30,34,OK
288,eNqLjjbQUSpW0lF61tj9uHGFUqwOSCATKPC4cSKIZ2IG464EcY0MLCx1lFKAAiCeoaEBgmNuDlX6rGW2UmwsAPVcGnM=,6,90,68,OK
289,eNqLjjbQUSpW0lF63Nz5uHmlUqwOSCATLNAM4pnAuE3rQVwLOHcniGtsDlPcAVZsApNdBOIaWZpB+Y37wKoNYdzlIK6pCVT3s7Vgi43ghjf2g/jmxjDuOrByS5jhjSCuGczspslgs2FWN66EcM1QzDIxgnGnQqyGcVvAXLjibhDX0BTm0KZOpdhYAFPJWlw=,19,292,143,OK
290,eNqLjjbQUSpW0lF6trbncWObUqwOSCATKPC4cR2IZ2oM464HcY0MjCD8p0v3gqWNTGHyvSC+CUx5QyOIa2xqCOU3rQbxzcyh3OaVYGkjmOwqMNcSxt0IkYXxG3vAdhtDDX/RvQwsbwHhPuvsVoqNBQBinT9I,13,202,117,OK
291,,0,0,0,
292,eNqLjjbQUSpW0lF6um7/y4U9SrE6IIFMoMDjphYQz9wMym1cDOIaG5rD+MvAfAsYdxWIa2YJ44I1W5joKKUAuSC2pYkpklwsAFjnJYo=,8,121,77,OK
293,eNqLjjbQUSpW0lF6sqvj6bpZSrE6IIFMoMDTLStBPGMzUwj/cVMPiG8ClX7cuAzMNbSEKm/fBVZuBOG+2LQbotsMKr1oOli5CVR3QyOIa2pgBjOtG8yHc1eBuIbGFjpKKUA+mGNgiuBYGlhAVL7fAzbI3AhJoZGZIYokkjGxAD+RRsk=,16,240,131,OK
294,eNqLjjbQUSpW0lF6uqT/ceM6pVgdkEAmUODZnLkgnqkRlA+VNTI1hMpPXQzimxtDuWtXgrgWljpKKUAuiG1oYmaOJBkLAHitIfo=,7,108,74,OK
295,eNqLjjbQUSpW0lF6OWvx48bVSrE6IIFMoMDjxhYQz9wcym3qBnFN4LLrQFwjUzgfrNfUyBLCf9m4AMQ3NjNCMi0WAL7TIvY=,7,110,71,OK
296,eNqLjjbQUSpW0lF6Nrv9cVOXUqwOSCATKPC4cR2IZ2RmAeE/mzMXxDe2tITJrwbxTQyg6p9tbQTLm8PlZ4LlzcyMIAJPdjSABExh6mdvUoqNBQBaPCix,8,128,87,OK
297,eNqLjjbQUSpW0lF6umT507XLlGJ1QAKZQIFnU2eCeCZmUG5fB5hrbArhP26aBOIbmRrB+PtBfGNjKLd5DYhrDpNt3gzimprA+WDTjE2hpj3tmQbmm1lA5RvBlpvCuE2TwVxDS5j0KqXYWAA3aDsc,12,188,111,OK
298,eNqLjjbQUSpW0lF6Nn3Ri1VrlWJ1QAKZQIHHTTtBPAsYt3k1iGtuCOPuAXFNDMxhqjtAfFNTGLcLxDUzgXIbGsGy5lDpZ3NWgQ0zgnChFpsYmqBYbWKOYrWpiTGK3UamMKc1rgMrN7WEmj5tJ8RymGMaJ4L5FjDuSrB2CwugX1KAAiCepTmCbWhgDFfaAzEZxu0FOxvmjsYlYK4ZjNuiFBsLAIG9Zo4=,22,337,167,OK
299,eNqLjjbQUSpW0lF62tz7uLFXKVYHJJAJFHjctAjEM7eEcptXgbgmRuZQfuNqEN/UwhDCf9G1ESxvBuE+mzsfxDUyNoKZNgnENzQxhCp41LAMLGBsoaOUAuRDOIYGKLKWJjDJWACZ2zJ6,11,169,105,OK
300,eNqLjjbQUSpW0lF6snvTi871SrE6IIFMoMDjxn4Qz9QExp0O4hoZWcL4y8DSpjDufjDXGMpt6gZxTeBmAbmxAJiBItk=,7,108,68,OK
